﻿MaticniBroj,Status,PoslovnoIme,SkracenoPoslovnoIme,DatumOsnivanja,SifraPretezneDelatnosti,NazivPretezneDelatnosti,PIB,VelicinePravnogLicaOpis
56561960,Aktivan,"VELJKO ĐUKIĆ PREDUZETNIK, SAMOSTALNA ZANATSKO TRGOVINSKA RADNJA PEKARA ĐUKIĆ BEOGRAD (RAKOVICA)",,01-Jan-05,1071,"Proizvodnja hleba, svežeg peciva i kolača",103644058,
64088211,Aktivan,BILJANA STAJIĆ PR PEKARA IGBI PLUS BEOGRAD,,25-Dec-15,1071,"Proizvodnja hleba, svežeg peciva i kolača",109314909,
64706713,Aktivan,DRAGAN MIJATOVIĆ PR PEKARA TOPLI ZALOGAJ BEOGRAD,DRAGAN MIJATOVIĆ PR TOPLI ZALOGAJ,10-Aug-17,1071,"Proizvodnja hleba, svežeg peciva i kolača",110177984,
65297736,Aktivan,DUŠAN DURBABA PR PEKARA MOJE ZVONCE BEOGRAD,DUŠAN DURBABA PR MOJE ZVONCE,05-Feb-19,1071,"Proizvodnja hleba, svežeg peciva i kolača",111269024,
