﻿MaticniBroj,TipAdreseOpis,Ulica,KucniBroj,PAK,Mesto,Opstina,Okrug,DodatniPodaci,Sprat,Stan,Slovo,PostanskiBroj,NazivPoste
55324743,Adresa za dostavu pošte,Vidikovački venac,85,,Beograd (Rakovica),Beograd-Rakovica,Grad Beograd,,,6,,11090,Beograd
64813781,Adresa za dostavu pošte,Bele Vode,59,,Beograd (Čukarica),Beograd-Čukarica,Grad Beograd,,,,,11147,Beograd
65162091,Adresa za dostavu pošte,Miška Kranjca,32/1,,Beograd (Rakovica),Beograd-Rakovica,Grad Beograd,,,,,11090,Beograd
64822101,Adresa za dostavu pošte,Vukosave Oljača,24,,Beograd (Voždovac),Beograd-Voždovac,Grad Beograd,,,,,11222,Jajinci
65297736,Adresa za dostavu pošte,Pere Velimirovića,20,,Beograd (Rakovica),Beograd-Rakovica,Grad Beograd,,XII,71,,11090,Beograd 75
60625611,Sedište,Palih Boraca,26A,,Beograd (Rakovica),Beograd-Rakovica,Grad Beograd,,,,,,
64088211,Sedište,Pašinac,20,,Beograd (Rakovica),Beograd-Rakovica,Grad Beograd,,,,,11231,Resnik
62028041,Sedište,Oplenačka,44 a,,Beograd (Rakovica),Beograd-Rakovica,Grad Beograd,,,,,,
63168238,Sedište,Podavalska,23,,Beograd (Rakovica),Beograd-Rakovica,Grad Beograd,,,,,,
64436678,Sedište,Mile Dimić,5,,Beograd (Rakovica),Beograd-Rakovica,Grad Beograd,,,,,,
64343335,Sedište,Patrijarha Joanikija,28,,Beograd (Rakovica),Beograd-Rakovica,Grad Beograd,,,,,,
65162091,Sedište,Mile Dimić,5,,Beograd (Rakovica),Beograd-Rakovica,Grad Beograd,,,,,11090,Beograd
62713917,Sedište,Oplenačka,47/6,,Beograd (Rakovica),Beograd-Rakovica,Grad Beograd,,,,,,
63732117,Sedište,Oplenačka,47/4,,Beograd (Rakovica),Beograd-Rakovica,Grad Beograd,,,,,,
56977376,Sedište,Vidikovački venac,92,,Beograd (Rakovica),Beograd-Rakovica,Grad Beograd,,,,,,
64556495,Sedište,Miška Kranjca,15,,Beograd (Rakovica),Beograd-Rakovica,Grad Beograd,,,,,,
62795042,Sedište,Pilota Mihaila Petrovića,53V,,Beograd (Rakovica),Beograd-Rakovica,Grad Beograd,,,,,,
62058765,Sedište,Borska,45 b,,Beograd (Rakovica),Beograd-Rakovica,Grad Beograd,,,,,,
61728619,Sedište,Pilota Ratka Jovanovića,2,,Beograd (Rakovica),Beograd-Rakovica,Grad Beograd,,,,,,
54543972,Sedište,LJubomira Ivkovića Šuce,29,,Beograd (Rakovica),Beograd-Rakovica,Grad Beograd,,,,,,
63080462,Sedište,Miška Kranjca,15 g,,Beograd (Rakovica),Beograd-Rakovica,Grad Beograd,,,,,,
53054366,Sedište,Pere Velimirovića,8,,Beograd (Rakovica),Beograd-Rakovica,Grad Beograd,,,,,,
64822101,Sedište,Mile Dimić,5,,Beograd (Rakovica),Beograd-Rakovica,Grad Beograd,,,,,,
53189814,Sedište,Delovi,4a,,Beograd (Rakovica),Beograd-Rakovica,Grad Beograd,,,,,,
63658332,Sedište,Jedanaeste Krajiške Divizije,74,,Beograd (Rakovica),Beograd-Rakovica,Grad Beograd,,,,,11090,Rakovica
56996281,Sedište,Oplenačka,42a,,Beograd (Rakovica),Beograd-Rakovica,Grad Beograd,,,,,,
53124933,Sedište,Patrijarha Joanikija,31,,Beograd (Rakovica),Beograd-Rakovica,Grad Beograd,,,,,,
65353091,Sedište,Gočka,20 E,,Beograd (Rakovica),Beograd-Rakovica,Grad Beograd,,,,,11090,Beograd
63135712,Sedište,Sedamnaestog Oktobra,39,,Beograd (Rakovica),Beograd-Rakovica,Grad Beograd,,3,14,,11091,Beograd 109
55324743,Sedište,Vidikovački venac,106 b,,Beograd (Rakovica),Beograd-Rakovica,Grad Beograd,,,,,11090,Beograd
65215837,Sedište,Gočka,20 e,,Beograd (Rakovica),Beograd-Rakovica,Grad Beograd,,,,,11090,Rakovica
64359908,Sedište,Patrijarha Dimitrija,12,,Beograd (Rakovica),Beograd-Rakovica,Grad Beograd,,,,,11090,Beograd 75
63327867,Sedište,Brđanska,40,,Beograd (Rakovica),Beograd-Rakovica,Grad Beograd,,,,,,
61068988,Sedište,Srpskih Udarnih Brigada,6,,Beograd (Rakovica),Beograd-Rakovica,Grad Beograd,,,,,11090,Beograd-Rakovica
61607048,Sedište,Osmog Septembra,15a,,Beograd (Rakovica),Beograd-Rakovica,Grad Beograd,,,,,11231,Resnik
56561960,Sedište,Vukasovićeva VI deo,bb,,Beograd (Rakovica),Beograd-Rakovica,Grad Beograd,,,,,,
64288849,Sedište,Jedanaeste Krajiške Divizije,35,,Beograd (Rakovica),Beograd-Rakovica,Grad Beograd,,,9,,11000,Beograd
64706713,Sedište,Pilota Mihaila Petrovića,53 V,,Beograd (Rakovica),Beograd-Rakovica,Grad Beograd,,,,,11090,Rakovica
65297736,Sedište,Ivana Mičurina,23A,,Beograd (Rakovica),Beograd-Rakovica,Grad Beograd,,pr,,,11090,Beograd 75
60403503,Sedište,Vidikovački venac,92u,,Beograd (Rakovica),Beograd-Rakovica,Grad Beograd,,,,,,
64063847,Sedište,Slavka Miljkovića,118,,Beograd (Rakovica),Beograd-Rakovica,Grad Beograd,,,,,11090,Rakovica
64154214,Sedište,Trinaestog Oktobra,12,,Beograd (Rakovica),Beograd-Rakovica,Grad Beograd,,,,,11231,Beograd
62645628,Sedište,Patrijarha Dimitrija,63,,Beograd (Rakovica),Beograd-Rakovica,Grad Beograd,,,,,,
61512365,Sedište,Prvoboraca,30V,,Beograd (Rakovica),Beograd-Rakovica,Grad Beograd,,,,,,
62849878,Sedište,Starca Milije,1,,Beograd (Rakovica),Beograd-Rakovica,Grad Beograd,,,,,11090,Rakovica
65163551,Sedište,Edvarda Griga,7 A,,Beograd (Rakovica),Beograd-Rakovica,Grad Beograd,,,,,11231,Resnik
63693634,Sedište,Miška Kranjca,10,,Beograd (Rakovica),Beograd-Rakovica,Grad Beograd,,,,,11090,Beograd-Rakovica
61960376,Sedište,Borska,43-v,,Beograd (Rakovica),Beograd-Rakovica,Grad Beograd,,,,,,
60443505,Sedište,Hasanaginice,4,,Beograd (Rakovica),Beograd-Rakovica,Grad Beograd,,,,,,
65315718,Sedište,Pilota Mihaila Petrovića,09,,Beograd (Rakovica),Beograd-Rakovica,Grad Beograd,,,,,11000,Beograd
60542597,Sedište,Omladinsko šetalište,3V,,Beograd (Rakovica),Beograd-Rakovica,Grad Beograd,,,,,11090,Rakovica
64813781,Sedište,Vidikovački Venac,92,,Beograd (Rakovica),Beograd-Rakovica,Grad Beograd,,,,,,
61644105,Sedište,Oslobođenja,20,,Beograd (Rakovica),Beograd-Rakovica,Grad Beograd,,3,,,,
