﻿MaticniBroj,TipAdreseOpis,Ulica,KucniBroj,PAK,Mesto,Opstina,Okrug,DodatniPodaci,Sprat,Stan,Slovo,PostanskiBroj,NazivPoste
60542597,Adresa za dostavu pošte,Vidikovački venac,85,,Beograd (Rakovica),Beograd-Rakovica,Grad Beograd,,,6,,11090,Beograd
56977376,Adresa za dostavu pošte,Bele Vode,59,,Beograd (Čukarica),Beograd-Čukarica,Grad Beograd,,,,,11147,Beograd
55324743,Adresa za dostavu pošte,Miška Kranjca,32/1,,Beograd (Rakovica),Beograd-Rakovica,Grad Beograd,,,,,11090,Beograd
62849878,Adresa za dostavu pošte,Vukosave Oljača,24,,Beograd (Voždovac),Beograd-Voždovac,Grad Beograd,,,,,11222,Jajinci
60542597,Adresa za dostavu pošte,Pere Velimirovića,20,,Beograd (Rakovica),Beograd-Rakovica,Grad Beograd,,XII,71,,11090,Beograd 75
56977376,Sedište,Palih Boraca,26A,,Beograd (Rakovica),Beograd-Rakovica,Grad Beograd,,,,,11090,
55324743,Sedište,Pašinac,20,,Beograd (Rakovica),Beograd-Rakovica,Grad Beograd,,,,,11231,Resnik
60542597,Sedište,Oplenačka,44 a,,Beograd (Rakovica),Beograd-Rakovica,Grad Beograd,,,,,11090,
56977376,Sedište,Podavalska,23,,Beograd (Rakovica),Beograd-Rakovica,Grad Beograd,,,,,11090,
55324743,Sedište,Mile Dimić,5,,Beograd (Rakovica),Beograd-Rakovica,Grad Beograd,,,,,11090,
64343335,Sedište,Patrijarha Joanikija,28,,Beograd (Rakovica),Beograd-Rakovica,Grad Beograd,,,,,11090,
65162091,Sedište,Mile Dimić,5,,Beograd (Rakovica),Beograd-Rakovica,Grad Beograd,,,,,11090,Beograd
62713917,Sedište,Oplenačka,47/6,,Beograd (Rakovica),Beograd-Rakovica,Grad Beograd,,,,,11090,
63732117,Sedište,Oplenačka,47/4,,Beograd (Rakovica),Beograd-Rakovica,Grad Beograd,,,,,11090,
56977376,Sedište,Vidikovački venac,92,,Beograd (Rakovica),Beograd-Rakovica,Grad Beograd,,,,,11090,
64556495,Sedište,Miška Kranjca,15,,Beograd (Rakovica),Beograd-Rakovica,Grad Beograd,,,,,11090,
62795042,Sedište,Pilota Mihaila Petrovića,53V,,Beograd (Rakovica),Beograd-Rakovica,Grad Beograd,,,,,11090,
62058765,Sedište,Borska,45 b,,Beograd (Rakovica),Beograd-Rakovica,Grad Beograd,,,,,11090,
61728619,Sedište,Pilota Ratka Jovanovića,2,,Beograd (Rakovica),Beograd-Rakovica,Grad Beograd,,,,,11090,
54543972,Sedište,LJubomira Ivkovića Šuce,29,,Beograd (Rakovica),Beograd-Rakovica,Grad Beograd,,,,,11090,
63080462,Sedište,Miška Kranjca,15 g,,Beograd (Rakovica),Beograd-Rakovica,Grad Beograd,,,,,11090,
53054366,Sedište,Pere Velimirovića,8,,Beograd (Rakovica),Beograd-Rakovica,Grad Beograd,,,,,11090,
64822101,Sedište,Mile Dimić,5,,Beograd (Rakovica),Beograd-Rakovica,Grad Beograd,,,,,11090,
53189814,Sedište,Delovi,4a,,Beograd (Rakovica),Beograd-Rakovica,Grad Beograd,,,,,11090,
63658332,Sedište,Jedanaeste Krajiške Divizije,74,,Beograd (Rakovica),Beograd-Rakovica,Grad Beograd,,,,,11090,Rakovica
56996281,Sedište,Oplenačka,42a,,Beograd (Rakovica),Beograd-Rakovica,Grad Beograd,,,,,11090,
53124933,Sedište,Patrijarha Joanikija,31,,Beograd (Rakovica),Beograd-Rakovica,Grad Beograd,,,,,11090,
65353091,Sedište,Gočka,20 E,,Beograd (Rakovica),Beograd-Rakovica,Grad Beograd,,,,,11090,Beograd
63135712,Sedište,Sedamnaestog Oktobra,39,,Beograd (Rakovica),Beograd-Rakovica,Grad Beograd,,3,14,,11090,Beograd 109
55324743,Sedište,Vidikovački venac,106 b,,Beograd (Rakovica),Beograd-Rakovica,Grad Beograd,,,,,11090,Beograd
65215837,Sedište,Gočka,20 e,,Beograd (Rakovica),Beograd-Rakovica,Grad Beograd,,,,,11090,Rakovica
64359908,Sedište,Patrijarha Dimitrija,12,,Beograd (Rakovica),Beograd-Rakovica,Grad Beograd,,,,,11090,Beograd 75
63327867,Sedište,Brđanska,40,,Beograd (Rakovica),Beograd-Rakovica,Grad Beograd,,,,,11090,
61068988,Sedište,Srpskih Udarnih Brigada,6,,Beograd (Rakovica),Beograd-Rakovica,Grad Beograd,,,,,11090,Beograd-Rakovica
61607048,Sedište,Osmog Septembra,15a,,Beograd (Rakovica),Beograd-Rakovica,Grad Beograd,,,,,11231,Resnik
56561960,Sedište,Vukasovićeva VI deo,bb,,Beograd (Rakovica),Beograd-Rakovica,Grad Beograd,,,,,11090,
64288849,Sedište,Jedanaeste Krajiške Divizije,35,,Beograd (Rakovica),Beograd-Rakovica,Grad Beograd,,,9,,11000,Beograd
64706713,Sedište,Pilota Mihaila Petrovića,53 V,,Beograd (Rakovica),Beograd-Rakovica,Grad Beograd,,,,,11090,Rakovica
65297736,Sedište,Ivana Mičurina,23A,,Beograd (Rakovica),Beograd-Rakovica,Grad Beograd,,pr,,,11090,Beograd 75
60403503,Sedište,Vidikovački venac,92u,,Beograd (Rakovica),Beograd-Rakovica,Grad Beograd,,,,,11090,
64063847,Sedište,Slavka Miljkovića,118,,Beograd (Rakovica),Beograd-Rakovica,Grad Beograd,,,,,11090,Rakovica
64154214,Sedište,Trinaestog Oktobra,12,,Beograd (Rakovica),Beograd-Rakovica,Grad Beograd,,,,,11090,Beograd
62645628,Sedište,Patrijarha Dimitrija,63,,Beograd (Rakovica),Beograd-Rakovica,Grad Beograd,,,,,11090,
61512365,Sedište,Prvoboraca,30V,,Beograd (Rakovica),Beograd-Rakovica,Grad Beograd,,,,,11090,
62849878,Sedište,Starca Milije,1,,Beograd (Rakovica),Beograd-Rakovica,Grad Beograd,,,,,11090,Rakovica
65163551,Sedište,Edvarda Griga,7:00 AM,,Beograd (Rakovica),Beograd-Rakovica,Grad Beograd,,,,,11231,Resnik
63693634,Sedište,Miška Kranjca,10,,Beograd (Rakovica),Beograd-Rakovica,Grad Beograd,,,,,11090,Beograd-Rakovica
61960376,Sedište,Borska,43-v,,Beograd (Rakovica),Beograd-Rakovica,Grad Beograd,,,,,11090,
60443505,Sedište,Hasanaginice,4,,Beograd (Rakovica),Beograd-Rakovica,Grad Beograd,,,,,11090,
65315718,Sedište,Pilota Mihaila Petrovića,9,,Beograd (Rakovica),Beograd-Rakovica,Grad Beograd,,,,,11000,Beograd
60542597,Sedište,Omladinsko šetalište,3V,,Beograd (Rakovica),Beograd-Rakovica,Grad Beograd,,,,,11090,Rakovica
64813781,Sedište,Vidikovački Venac,92,,Beograd (Rakovica),Beograd-Rakovica,Grad Beograd,,,,,11090,
61644105,Sedište,Oslobođenja,20,,Beograd (Rakovica),Beograd-Rakovica,Grad Beograd,,3,,,11090,
66353001,Sedište,Bulevar Mihajla Pupina,181,,Beograd (Novi BG),Beograd-Novi BG,Grad Beograd,,,,,11070,Novi Beograd
66353002,Sedište,Bulevar Mihajla Pupina,10b,,Beograd (Novi BG),Beograd-Novi BG,Grad Beograd,,,,,11070,Novi Beograd
66353003,Sedište,Antifašističke borbe,21g,,Beograd (Novi BG),Beograd-Novi BG,Grad Beograd,,,,,11070,Novi Beograd
66353004,Sedište,Bulevar Zorana Đinđića,45,,Beograd (Novi BG),Beograd-Novi BG,Grad Beograd,,,,,11070,Novi Beograd
66353005,Sedište,Gandijeva ,149,,Beograd (Novi BG),Beograd-Novi BG,Grad Beograd,,,,,11070,Novi Beograd
66353006,Sedište,Ismeta Mujezinovića,23d,,Beograd (Novi BG),Beograd-Novi BG,Grad Beograd,,,,,11070,Novi Beograd
66353007,Sedište,Nehruova,51a,,Beograd (Novi BG),Beograd-Novi BG,Grad Beograd,,,,,11070,Novi Beograd
66353008,Sedište,Đorđa Stanojevića,11b,,Beograd (Novi BG),Beograd-Novi BG,Grad Beograd,,,,,11070,Novi Beograd
66353009,Sedište,Bulevar Milutina Milankovića,122,,Beograd (Novi BG),Beograd-Novi BG,Grad Beograd,,,,,11070,Novi Beograd
66353010,Sedište,Pariske kumune ,67,,Beograd (Novi BG),Beograd-Novi BG,Grad Beograd,,,,,11070,Novi Beograd
66353011,Sedište,Bulevar Oslobođenja,3,,Beograd (Vračar),Beograd-Vračar,Grad Beograd,,,,,11000,Vračar
66353012,Sedište,Trnska,7,,Beograd (Vračar),Beograd-Vračar,Grad Beograd,,,,,11000,Vračar
66353013,Sedište,Resavska,,,Beograd (Vračar),Beograd-Vračar,Grad Beograd,,,,,11000,Vračar
66353013,Sedište,Kralja Milutina ,12,,Beograd (Vračar),Beograd-Vračar,Grad Beograd,,,,,11000,Vračar
66353014,Sedište,Braće Nedić,1,,Beograd (Vračar),Beograd-Vračar,Grad Beograd,,,,,11000,Vračar
66353015,Sedište,Bulevar kralja Aleksandra,28,,Beograd (Vračar),Beograd-Vračar,Grad Beograd,,,,,11000,Vračar
66353016,Sedište,Svetozara Markovića,65,,Beograd (Vračar),Beograd-Vračar,Grad Beograd,,,,,11000,Vračar
66353017,Sedište,Njegoševa,54,,Beograd (Vračar),Beograd-Vračar,Grad Beograd,,,,,11000,Vračar
66353018,Sedište,Svetozara Markovića,9,,Beograd (Vračar),Beograd-Vračar,Grad Beograd,,,,,11000,Vračar
66353019,Sedište,Njegoševa,28,,Beograd (Vračar),Beograd-Vračar,Grad Beograd,,,,,11000,Vračar
66353020,Sedište,Koče Kapetana,15,,Beograd (Vračar),Beograd-Vračar,Grad Beograd,,,,,11000,Vračar
66353021,Sedište,Vojvode Stepe,41,,Beograd (Vozdovac),Beograd (Vozdovac),Grad Beograd,,,,,11010,Voždovac
66353022,Sedište,Zaplanjska,20,,Beograd (Vozdovac),Beograd (Vozdovac),Grad Beograd,,,,,11010,Voždovac
66353023,Sedište,Pavla Popovića,8,,Beograd (Vozdovac),Beograd (Vozdovac),Grad Beograd,,,,,11010,Voždovac
66353024,Sedište,Beranska,12,,Beograd (Vozdovac),Beograd (Vozdovac),Grad Beograd,,,,,11010,Voždovac
66353025,Sedište,Treća nova,5,,Beograd (Vozdovac),Beograd (Vozdovac),Grad Beograd,,,,,11010,Voždovac
66353026,Sedište,Plitvička,15,,Beograd (Vozdovac),Beograd (Vozdovac),Grad Beograd,,,,,11010,Voždovac
66353027,Sedište,Paunova,45,,Beograd (Vozdovac),Beograd (Vozdovac),Grad Beograd,,,,,11010,Voždovac
66353028,Sedište,Potočka,3,,Beograd (Vozdovac),Beograd (Vozdovac),Grad Beograd,,,,,11010,Voždovac
66353029,Sedište,Braće Srnić,7,,Beograd (Vozdovac),Beograd (Vozdovac),Grad Beograd,,,,,11010,Voždovac
66353030,Sedište,Ustanička,70,,Beograd (Vozdovac),Beograd (Vozdovac),Grad Beograd,,,,,11010,Voždovac
66353031,Sedište,Radnička,21,,Novi Sad (Novi Sad),Novi Sad (Novi sad),Grad Novi Sad,,,,,21000,Novi Sad
66353032,Sedište,Miroslava Prodanovića Mićka,8,,Novi Sad (Novi Sad),Novi Sad (Novi sad),Grad Novi Sad,,,,,21000,Novi Sad
66353033,Sedište,Milenka Grčića,6,,Novi Sad (Novi Sad),Novi Sad (Novi sad),Grad Novi Sad,,,,,21000,Novi Sad
66353034,Sedište,Hadži Ruvimova,61,,Novi Sad (Novi Sad),Novi Sad (Novi sad),Grad Novi Sad,,,,,21000,Novi Sad
66353035,Sedište,Laze Telečkog,9,,Novi Sad (Novi Sad),Novi Sad (Novi sad),Grad Novi Sad,,,,,21000,Novi Sad
66353036,Sedište,Cara Lazara,21,,Novi Sad (Futog),Novi Sad (Futog),Grad Novi Sad,,,,,21410,Novi Sad
66353037,Sedište,Carice Milice,47,,Novi Sad (Futog),Novi Sad (Futog),Grad Novi Sad,,,,,21410,Novi Sad
66353038,Sedište,Cara Lazara,7,,Novi Sad (Futog),Novi Sad (Futog),Grad Novi Sad,,,,,21410,Novi Sad
66353039,Sedište,Slavka Rodića,3,,Novi Sad (Futog),Novi Sad (Futog),Grad Novi Sad,,,,,21410,Novi Sad
66353040,Sedište,Cara Lazara,199,,Novi Sad (Futog),Novi Sad (Futog),Grad Novi Sad,,,,,21410,Novi Sad
66353041,Sedište,Maksima Gorkog,53,,Novi Sad (Petrovaradin),Novi Sad (Petrovaradin),Grad Novi Sad,,,,,21131,Novi Sad
66353042,Sedište,Vojvode Mišića,17,,Novi Sad (Petrovaradin),Novi Sad (Petrovaradin),Grad Novi Sad,,,,,21131,Novi Sad
66353043,Sedište,Miroslava Antića,7,,Novi Sad (Petrovaradin),Novi Sad (Petrovaradin),Grad Novi Sad,,,,,21131,Novi Sad
66353044,Sedište,Bulevar oslobođenja,109,,Novi Sad (Petrovaradin),Novi Sad (Petrovaradin),Grad Novi Sad,,,,,21131,Novi Sad
66353045,Sedište,Dimitrija Tucovića,8,,Novi Sad (Petrovaradin),Novi Sad (Petrovaradin),Grad Novi Sad,,,,,21131,Novi Sad
66353046,Sedište,Radnička,24,,Novi Sad (Novi Sad),Novi Sad (Novi Sad),Grad Novi Sad,,,,,21000,Novi Sad
66353047,Sedište,Zmaj Jovina,2,,Novi Sad (Novi Sad),Novi Sad (Novi Sad),Grad Novi Sad,,,,,21000,Novi Sad
66353048,Sedište,Feješ Klare,48,,Novi Sad (Novi Sad),Novi Sad (Novi Sad),Grad Novi Sad,,,,,21000,Novi Sad
66353049,Sedište,Dragoslava Sredojevića,1,,Novi Sad (Novi Sad),Novi Sad (Novi Sad),Grad Novi Sad,,,,,21000,Novi Sad
66353050,Sedište,Šekspirova,3,,Novi Sad (Novi Sad),Novi Sad (Novi Sad),Grad Novi Sad,,,,,21000,Novi Sad
66353051,Sedište,Jovana Skerlića ,15,,Niš(Medijana),Niš(Medijana),Niš,,,,,18106,Niš
66353052,Sedište,Jovana Ristića,1,,Niš(Medijana),Niš(Medijana),Niš,,,,,18106,Niš
66353053,Sedište,Rajićeva,30,,Niš(Medijana),Niš(Medijana),Niš,,,,,18106,Niš
66353054,Sedište,Trg Pavla Stojkovića,17,,Niš(Medijana),Niš(Medijana),Niš,,,,,18106,Niš
66353055,Sedište,Trg Svetog Save ,5,,Niš(Medijana),Niš(Medijana),Niš,,,,,18106,Niš
66353056,Sedište,Salvadora Aljendea ,5,,Niš(Palilula),Niš(Palilula),Niš,,,,,18363,Niš
66353057,Sedište,Marina Držića ,5,,Niš(Palilula),Niš(Palilula),Niš,,,,,18363,Niš
66353058,Sedište,Dimitrija Tucovića ,61,,Niš(Palilula),Niš(Palilula),Niš,,,,,18363,Niš
66353059,Sedište,Dimitrija Tucovića,10,,Niš(Palilula),Niš(Palilula),Niš,,,,,18363,Niš
66353060,Sedište,Jovana Babunskog,38,,Niš(Palilula),Niš(Palilula),Niš,,,,,18363,Niš
66353061,Sedište,Kralja Stefana Prvovenčanog,3,,Niš(Crveni krst),Niš(Crveni krst),Niš,,,,,18203,Niš
66353062,Sedište,Kej Mike Paligorića,3,,Niš(Crveni krst),Niš(Crveni krst),Niš,,,,,18203,Niš
66353063,Sedište,Vožda Karađorđa,7,,Niš(Crveni krst),Niš(Crveni krst),Niš,,,,,18203,Niš
66353064,Sedište,Obrenovićeva,2,,Niš(Crveni krst),Niš(Crveni krst),Niš,,,,,18203,Niš
66353065,Sedište,Sinđelićev Trg,14,,Niš(Crveni krst),Niš(Crveni krst),Niš,,,,,18203,Niš
66353066,Sedište,Čegarska,1,,Niš (Niška Banja),Niš (Niška Banja),Niš,,,,,18205,Niš
66353067,Sedište,Čegarska,15,,Niš (Niška Banja),Niš (Niška Banja),Niš,,,,,18205,Niš
66353068,Sedište,Ruzveltova,12,,Niš (Niška Banja),Niš (Niška Banja),Niš,,,,,18205,Niš
66353069,Sedište,Školske Česme,5,,Niš (Niška Banja),Niš (Niška Banja),Niš,,,,,18205,Niš
66353070,Sedište,Mojsija Mihajlovića Tošketa ,1,,Niš (Niška Banja),Niš (Niška Banja),Niš,,,,,18205,Niš
66353071,Sedište,Kralja Petra I,5,,Užice (Užice),Užice (Užice),Užice,,,,,31000,Užice
66353072,Sedište,Nikole Pašica,30,,Užice (Užice),Užice (Užice),Užice,,,,,31000,Užice
66353073,Sedište,Marije Mage Magazinović,42,,Užice (Užice),Užice (Užice),Užice,,,,,31000,Užice
66353074,Sedište,Kralja Petra I,10,,Užice (Užice),Užice (Užice),Užice,,,,,31000,Užice
66353075,Sedište,Momčila Tešića,3,,Užice (Užice),Užice (Užice),Užice,,,,,31000,Užice
66353076,Sedište,Kosovska,5,,Užice (Užice),Užice (Užice),Užice,,,,,31000,Užice
66353077,Sedište,Nemanjina,68,,Užice (Užice),Užice (Užice),Užice,,,,,31000,Užice
66353078,Sedište,Dimitrija Tucovića,58,,Užice (Užice),Užice (Užice),Užice,,,,,31000,Užice
66353079,Sedište,Nemanjina,81,,Užice (Užice),Užice (Užice),Užice,,,,,31000,Užice
66353080,Sedište,Nade Matić,7,,Užice (Užice),Užice (Užice),Užice,,,,,31000,Užice
66353081,Sedište,Dimitrija Tucovića,83,,Užice (Užice),Užice (Užice),Užice,,,,,31000,Užice
66353082,Sedište,Nikole Pašica,32,,Užice (Užice),Užice (Užice),Užice,,,,,31000,Užice
66353083,Sedište,Dečanska,9,,Užice (Užice),Užice (Užice),Užice,,,,,31000,Užice
66353084,Sedište,Momčila Tešića,4,,Užice (Užice),Užice (Užice),Užice,,,,,31000,Užice
66353085,Sedište,Užičke Republike,14,,Užice (Užice),Užice (Užice),Užice,,,,,31000,Užice
66353086,Sedište,Mihajla Pupina,1,,Užice (Užice),Užice (Užice),Užice,,,,,31000,Užice
66353087,Sedište,Nikole Pašica,32,,Užice (Užice),Užice (Užice),Užice,,,,,31000,Užice
66353088,Sedište,Lipa,5,,Užice (Užice),Užice (Užice),Užice,,,,,31000,Užice
66353089,Sedište,Riste Tešića,70,,Užice (Užice),Užice (Užice),Užice,,,,,31000,Užice
,,,,,,,,,,,,31000,Užice
