Maticni broj,Naziv pravnog lica,Mesto,Ulica i broj,Osnovni kapital,P. od prodaje robe,P. od prodaje r/u,T. goriva I energije,T. proizvodnih usluga,T. materijala,N. vrednost prodate r.,Licna Primanja Poslodavca,Neto dobitak,Neto gubitak,YEAR
,,,,,,,,,,,,,,
60542597,SAMOSTALNA ZANATSKA TRGOVINSKO PEKARSKA RADNJA MAGAZA DRAGAN SAMARDZIJA PR BEOGRAD (RAKOVICA),Beograd-Rakovica,Omladinsko Setaliste 8,414.000.din,11.044.000.din,0,667.000.din,219.000.din,4.064.000.din,2.225.000.din,0,714.000.din,0,2015
56977376,SAMOSTALNA ZANATSKA TRGOVACKA RADNJA LELA DANIJELA DJUKIC PREDUZETNIK  BEOGRAD (RAKOVICA),Beograd-Rakovica,Vidikovacki venac 92,0,6.473.000.din,0,256.000.din,478.000.din,534.000.din,3.623.000.din,0,284.000.din,0,2015
55324743,BOLE SAMOSTALNA ZANATSKA PEKARSKA RADNJA CITLUCANIN BOSKO PR BEOGRAD (RAKOVICA),Beograd-Rakovica,Vidikovacki venac  106 b,0,0,2.551.000.din,307.000.din,15.000.din,454.000.din,0,0,40.000.din,0,2015
62849878,MIRJANA NOVAKOVIC PR SAMOSTALNA ZANATSKA PEKARSKA RADNJA DAVID - N BEOGRAD-RAKOVICA,Beograd-Rakovica,Bogdana Zerajica 24 A,0,1.753.000.din,0,0,1.081.000.din,0,0,0,87.000.din,0,2015
----,----,----,----,----,----,----,----,----,----,----,----,----,----,----
Maticni broj,Naziv pravnog lica,Mesto,Ulica i broj,Osnovni kapital,P. od prodaje robe,P. od prodaje r/u,T. goriva I energije,T. proizvodnih usluga,T. materijala,N. vrednost prodate r.,Licna Primanja Poslodavca,Neto dobitak,Neto gubitak,YEAR
,,,,,,,,,,,,,,
60542597,SAMOSTALNA ZANATSKA TRGOVINSKO PEKARSKA RADNJA MAGAZA DRAGAN SAMARDZIJA PR BEOGRAD (RAKOVICA),Beograd-Rakovica,Omladinsko SetaliSte 8,414.000.din,8.560.000,0,681.000.din,187.000.din,2.431.000.din,1.704.000.din,0,67.000.din,0,2016
56977376,SAMOSTALNA ZANATSKA TRGOVACKA RADNJA LELA DANIJELA DJUKIC PREDUZETNIK  BEOGRAD (RAKOVICA),Beograd-Rakovica,Vidikovacki venac 92,0,6.462.000.din,0,305.000.din,467.000.din,339.000.din,3.750.000.din,435000.din,74.000.din,0,2016
55324743,BOLE SAMOSTALNA ZANATSKA PEKARSKA RADNJA CITLUCANIN BOSKO PR BEOGRAD (RAKOVICA),Beograd-Rakovica,Vidikovacki venac  106 b,0,0,1.841.000.din,299.000.din,16.000.din,1.160.000.din,0,0,0,1.215.000.din,2016
----,----,----,----,----,----,----,----,----,----,----,----,----,----,----
Maticni broj,Naziv pravnog lica,Mesto,Ulica i broj,Osnovni kapital,P. od prodaje robe,P. od prodaje r/u,T. goriva I energije,T. proizvodnih usluga,T. materijala,N. vrednost prodate r.,Licna Primanja Poslodavca,Neto dobitak,Neto gubitak,YEAR
,,,,,,,,,,,,,,
60542597,SAMOSTALNA ZANATSKA TRGOVINSKO PEKARSKA RADNJA MAGAZA DRAGAN SAMARDZIJA PR BEOGRAD (RAKOVICA),Beograd-Rakovica,Omladinsko Setaliste 8,414.000.din,8.917.000.din,0,664.000.din,51.000.din,3.330.000.din,1.650.000.din,0,0,168.000.din,2017
56977376,SAMOSTALNA ZANATSKA TRGOVACKA RADNJA LELA DANIJELA DJUKIC PREDUZETNIK  BEOGRAD (RAKOVICA),Beograd-Rakovica,Vidikovacki venac 92,0,5.781.000.din,0,283.000.din,681.000.din,146.000.din,3.389.000.din,476000.din,35.000.din,0,2017
55324743,BOLE SAMOSTALNA ZANATSKA PEKARSKA RADNJA CITLUCANIN BOSKO PR BEOGRAD (RAKOVICA),Beograd-Rakovica,Vidikovacki venac  106 b,0,0,1.826.000.din,320.000.din,17.000.din,1.122.000.din,0,0,0,1.293.000.din,2017
----,----,----,----,----,----,----,----,----,----,----,----,----,----,----
