﻿MaticniBroj,RedniBroj,Ulica,KucniBroj,PostanskiBroj,Mesto,Opstina,Okrug,DodatniPodaciAdrese,Sprat,Stan,Slovo,PAK,NazivPoste,DodatniPodaciIzdvojeneLokacije,RegistarskiBrojTablica,SifraDelatnosti,OpisDelatnost
53189814,1,Milivoja Petrovića,6,11090,Beograd (Rakovica),Beograd-Rakovica,Grad Beograd,,,,,,Beograd,,,4724,"Trgovina na malo hlebom, testeninom, kolačima i sl"
53189814,2,13. oktobra,82,11090,Beograd (Rakovica),Beograd-Rakovica,Grad Beograd,,,,,,Beograd,,,1071,"Proizvodnja hleba, svežeg peciva i kolača"
53189814,3,Slavka Miljkovića,51,11090,Beograd (Rakovica),Beograd-Rakovica,Grad Beograd,,,,,,Beograd,,,1071,"Proizvodnja hleba, svežeg peciva i kolača"
60403503,1,Vidikovački venac,14-l,11090,Beograd (Rakovica),Beograd-Rakovica,Grad Beograd,,,,,,Beograd,,,1071,"Proizvodnja hleba, svežeg peciva i kolača"
53189814,4,Aleksandra Vojinovića,67,11090,Beograd (Rakovica),Beograd-Rakovica,Grad Beograd,,,,,,Beograd,,,1071,"Proizvodnja hleba, svežeg peciva i kolača"
53189814,5,Borova,8,11030,Beograd (Čukarica),Beograd-Čukarica,Grad Beograd,,,,,,Beograd,,,1071,"Proizvodnja hleba, svežeg peciva i kolača"
62645628,1,Vojvode Stepe,57,,Beograd (Voždovac),Beograd-Voždovac,Grad Beograd,,,,,,Beograd,,,1071,"Proizvodnja hleba, svežeg peciva i kolača"
62713917,1,Krunska,80,,Beograd (Vračar),Beograd-Vračar,Grad Beograd,,,,,,Beograd,,,4711,Trgovina na malo u nespecijalizovanim prodavnicama
53189814,6,Crveno Barjače,6,11030,Beograd (Čukarica),Beograd-Čukarica,Grad Beograd,,,,,,Beograd,osnovna škola,,1071,"Proizvodnja hleba, svežeg peciva i kolača"
56561960,1,Vukasovićeva VI deo,bb,11090,Beograd (Rakovica),Beograd-Rakovica,Grad Beograd,,,,,,Beograd,,,4633,"Trgovina na veliko mlečnim proizvodima, jajima i j"
60403503,2,Ratka Mitrovića,181V,11030,Beograd (Čukarica),Beograd-Čukarica,Grad Beograd,,,,,,Beograd,,,5610,Delatnosti restorana i pokretnih ugostiteljskih ob
63168238,1,Ilije Đuričića,2G,11030,Beograd (Čukarica),Beograd-Čukarica,Grad Beograd,,,,,,Beograd,,,1071,"Proizvodnja hleba, svežeg peciva i kolača"
63168238,3,Marička,53,11090,Beograd (Rakovica),Beograd-Rakovica,Grad Beograd,,,,,,Beograd,,,1071,"Proizvodnja hleba, svežeg peciva i kolača"
63168238,2,Kanarevo brdo,4,11090,Beograd (Rakovica),Beograd-Rakovica,Grad Beograd,,,,,,Beograd,,,1071,"Proizvodnja hleba, svežeg peciva i kolača"
53189814,7,Crveno Barjače,6,11030,Beograd (Čukarica),Beograd-Čukarica,Grad Beograd,,,,,,Beograd,,,4711,Trgovina na malo u nespecijalizovanim prodavnicama
56561960,2,Pere Velimirovića,17,11090,Beograd (Rakovica),Beograd-Rakovica,Grad Beograd,,,,,,Beograd,lokal br. 11,,4711,Trgovina na malo u nespecijalizovanim prodavnicama
53189814,8,Mihaila Avramovića,28,11000,Beograd (Savski Venac),Beograd-Savski Venac,Grad Beograd,,,,,,Beograd,,,4711,Trgovina na malo u nespecijalizovanim prodavnicama
64288849,1,Mile Dimić,5,11090,Beograd (Rakovica),Beograd-Rakovica,Grad Beograd,,,,,,Beograd,,,1071,"Proizvodnja hleba, svežeg peciva i kolača"
64343335,1,Patrijarha Joanikija,28,11090,Beograd (Rakovica),Beograd-Rakovica,Grad Beograd,,,,,,Beograd,,,5610,Delatnosti restorana i pokretnih ugostiteljskih ob
60443505,1,Ratka Mitrovića,121,11030,Beograd (Čukarica),Beograd-Čukarica,Grad Beograd,,,,,,Beograd,,,1071,"Proizvodnja hleba, svežeg peciva i kolača"
60542597,1,Mrakovička,38,11090,Beograd (Rakovica),Beograd-Rakovica,Grad Beograd,,1,,,,Beograd,,,1071,"Proizvodnja hleba, svežeg peciva i kolača"
53189814,9,Jovana Jovanovića Zmaja,1,11306,Grocka,Beograd-Grocka,Grad Beograd,,,,,,Beograd,,,4711,Trgovina na malo u nespecijalizovanim prodavnicama
63732117,1,Milana Mijalkovića,11,11030,Beograd (Čukarica),Beograd-Čukarica,Grad Beograd,,,,,,Beograd,,,1071,"Proizvodnja hleba, svežeg peciva i kolača"
65163551,1,Trinaestog Septembra,16,11194,Rušanj,Beograd-Čukarica,Grad Beograd,,,,,,Beograd,,,4711,Trgovina na malo u nespecijalizovanim prodavnicama
63732117,2,Vidikovački Venac,92,11090,Beograd (Rakovica),Beograd-Rakovica,Grad Beograd,,,,,,Beograd,Lokal br.19,,1071,"Proizvodnja hleba, svežeg peciva i kolača"
65215837,1,Milorada Draškovića,32,11090,Beograd (Rakovica),Beograd-Rakovica,Grad Beograd,,,,,,Beograd,,,1071,"Proizvodnja hleba, svežeg peciva i kolača"
56996281,1,Milutina Milankovića,132 A,11070,Beograd (Novi Beograd),Beograd-Novi Beograd,Grad Beograd,,,,,,,,,5610,Delatnosti restorana i pokretnih ugostiteljskih ob
,,,,,,,,,,,,,,,,,
