﻿MaticniBroj,Status,PoslovnoIme,SkracenoPoslovnoIme,DatumOsnivanja,DatumRegistracije,SifraPretezneDelatnosti,NazivPretezneDelatnosti,PIB,VelicinePravnogLicaOpis,Relationship
56996281,Aktivan,"SAMOSTALNA ZANATSKO TRGOVINSKO UGOSTITELJSKA RADNJA N-N ILIC ZIVOJIN PREDUZETNIK, BEOGRAD (RAKOVICA)",,29-Dec-05,30-Dec-05,1071,"Proizvodnja hleba, svezeg peciva i kolaca",104212354,,supplier
53124933,Aktivan,SAMOSTALNA ZANATSKA PEKARSKA RADNJA MIJATOVIC NEGOVAN MIJATOVIC PREDUZETNIK BEOGRAD (RAKOVICA),,22-May-91,23-May-91,1071,"Proizvodnja hleba, svezeg peciva i kolaca",100172944,,competition
53189814,Aktivan,ZORAN VASILJEVIC PR UGOSTITELJSKO TRGOVINSKA RADNJA PEKARA LEONE BEOGRAD,,16-Sep-92,17-Sep-92,1071,"Proizvodnja hleba, svezeg peciva i kolaca",100175105,,competition
53054366,Aktivan,SAMOSTALNA ZANATSKA PEKARSKA RADNJA LALA ZAKLINA GAVRILOVSKI PR BEOGRAD (RAKOVICA),,28-Dec-91,29-Dec-91,1071,"Proizvodnja hleba, svezeg peciva i kolaca",100225788,,supplier
60403503,Aktivan,SZTPR GREEN IGOR BUKOVAC PR BEOGRAD (RAKOVICA),,1-Nov-06,23-Oct-06,1071,"Proizvodnja hleba, svezeg peciva i kolaca",101993884,,competition
60443505,Aktivan,SZR KING PEKARA DRAGANA TIJANIC PREDUZETNIK BEOGRAD (RAKOVICA),,1-Dec-06,17-Nov-06,1071,"Proizvodnja hleba, svezeg peciva i kolaca",104741371,,competition
55324743,Aktivan,BOLE SAMOSTALNA ZANATSKA PEKARSKA RADNJA CITLUCANIN BOSKO PR BEOGRAD (RAKOVICA),,14-Dec-01,15-Dec-01,1071,"Proizvodnja hleba, svezeg peciva i kolaca",101555692,,supplier
56977376,Aktivan,SAMOSTALNA ZANATSKA TRGOVACKA RADNJA LELA DANIJELA DJUKIC PREDUZETNIK  BEOGRAD (RAKOVICA),,24-Oct-05,25-Oct-05,1071,"Proizvodnja hleba, svezeg peciva i kolaca",104129543,,competition
60542597,Aktivan,SAMOSTALNA ZANATSKA TRGOVINSKO PEKARSKA RADNJA MAGAZA DRAGAN SAMARDZIJA PR BEOGRAD (RAKOVICA),,1-Mar-07,8-Feb-07,1071,"Proizvodnja hleba, svezeg peciva i kolaca",104840595,,competition
54543972,Aktivan,SAMOSTALNA PEKARSKA TRGOVINSKA RADNJA VALENTINO BINAJ BESNIK PR  BEOGRAD (RAKOVICA),,1-Dec-94,2-Dec-94,1071,"Proizvodnja hleba, svezeg peciva i kolaca",101557497,,supplier
56561960,Aktivan,"VELJKO DJUKIC PREDUZETNIK, SAMOSTALNA ZANATSKO TRGOVINSKA RADNJA PEKARA DJUKIC BEOGRAD (RAKOVICA)",,1-Jan-05,2-Jan-05,1071,"Proizvodnja hleba, svezeg peciva i kolaca",103644058,,competition
60625611,Aktivan,"SAMOSTALNA PEKARSKA RADNJA MANPEK LJILJANA MANIC PREDUZETNIK, BEOGRAD (RAKOVICA)",,10-Apr-07,4-Apr-07,1071,"Proizvodnja hleba, svezeg peciva i kolaca",104944094,,competition
61068988,Aktivan,"PEKARA BILJANA BILJANA ARSIC PR, BEOGRAD (RAKOVICA)",,1-Mar-08,8-Feb-08,1071,"Proizvodnja hleba, svezeg peciva i kolaca",105462114,,supplier
62058765,Aktivan,"VANJA SAVIC PREDUZETNIK, SAMOSTALNA ZANATSKA PEKARSKO UGOSTITELJSKA TRGOVINSKA RADNJA COSTA AZZURA BEOGRAD (RAKOVICA)",,20-Jun-08,9-Jun-08,1071,"Proizvodnja hleba, svezeg peciva i kolaca",105639736,,competition
62028041,Aktivan,SZTR PEKARA SANJA GORDANA VASILJEVIC PREDUZETNIK BEOGRAD (RAKOVICA),,16-Aug-08,1-Aug-08,1071,"Proizvodnja hleba, svezeg peciva i kolaca",105716324,,competition
61960376,Aktivan,"SAMOSTALNA ZANATSKA PEKARSKA RADNJA GORANAC SADRIDIN DAUTI PR, BEOGRAD (RAKOVICA)",,1-Sep-08,25-Aug-08,1071,"Proizvodnja hleba, svezeg peciva i kolaca",105742701,,supplier
61728619,Aktivan,"ALEKSANDRA MITIC PREDUZETNIK, SZR PEKARICA-KROFNICA BEOGRAD (RAKOVICA)",,12-Mar-09,13-Mar-09,1071,"Proizvodnja hleba, svezeg peciva i kolaca",106001997,,competition
61644105,Aktivan,"IVAN SAMARDZIC PREDUZETNIK, PROIZVODNJA KORA AS-PAC, BEOGRAD (RAKOVICA)",,21-May-09,21-May-09,1071,"Proizvodnja hleba, svezeg peciva i kolaca",106112095,,competition
61607048,Aktivan,"MILETA JOVANOVIC PR, PEKARA KRSTINJA, BEOGRAD (RAKOVICA)",,25-Jun-09,26-Jun-09,1071,"Proizvodnja hleba, svezeg peciva i kolaca",106181964,,supplier
61512365,Aktivan,MILENKO HINIC PR TRGOVINSKA ZANATSKA RADNJA VATRENI MLIN BEOGRAD (RAKOVICA),,1-Oct-09,21-Sep-09,1071,"Proizvodnja hleba, svezeg peciva i kolaca",106290151,,competition
62645628,Aktivan,"MILOSAVA BABIC PR, PEKARSKA RADNJA PITARA ACA BEOGRAD (RAKOVICA)",,24-Oct-11,24-Oct-11,1071,"Proizvodnja hleba, svezeg peciva i kolaca",107299707,,competition
62713917,Aktivan,"LAZAR PERIC PR, SAMOSTALNA ZANATSKA PEKARSKA RADNJA LAZA BEOGRAD (RAKOVICA)",,30-Dec-11,30-Dec-11,1071,"Proizvodnja hleba, svezeg peciva i kolaca",107395055,,supplier
62795042,Aktivan,BOJAN IVKOVIC PREDUZETNIK ZANATSKA RADNJA KOLACICI BEOGRAD,,8-Apr-12,9-Apr-12,1071,"Proizvodnja hleba, svezeg peciva i kolaca",107514098,,competition
62849878,Aktivan,MIRJANA NOVAKOVIC PR SAMOSTALNA ZANATSKA PEKARSKA RADNJA DAVID - N BEOGRAD-RAKOVICA,,29-May-12,29-May-12,1071,"Proizvodnja hleba, svezeg peciva i kolaca",107589829,,competition
63080462,Aktivan,TIJANA BOJOVIC PREDUZETNIK SAMOSTALNA ZANATSKO TRGOVINSKA RADNJA PEKARA BAMBI BEOGRAD-RAKOVICA,,1-Feb-13,1-Feb-13,1071,"Proizvodnja hleba, svezeg peciva i kolaca",107913224,,supplier
63135712,Aktivan,DRAGAN NIKOLIC PREDUZETNIK ZANATSKA RADIONICA ZA PROIZVODNJU kolaca VOCNE KORPICE BEOGRAD,,22-Mar-13,22-Mar-13,1071,"Proizvodnja hleba, svezeg peciva i kolaca",107991244,,competition
63168238,Aktivan,DANIJELA SARGIC PR ZANATSKA TRGOVINSKA RADNJA DENI R BEOGRAD,,19-Apr-13,19-Apr-13,1071,"Proizvodnja hleba, svezeg peciva i kolaca",108037771,,competition
63327867,Aktivan,NEBOJSA MILJEVIC PR PEKARSKA RADNJA PEKARA SILJA BEOGRAD,,9-Oct-13,9-Oct-13,1071,"Proizvodnja hleba, svezeg peciva i kolaca",108256796,,supplier
63658332,Aktivan,Kristina VojinoviC PR Pekarsko trgovinska radnja Pekara VojinoviC Beograd,,23-Oct-14,23-Oct-14,1071,"Proizvodnja hleba, svezeg peciva i kolaca",108727238,,competition
63693634,Aktivan,SVETLANA GLAMOCLIJA PR PEKARA POSLASTICARNICA PLATAN 2 BEOGRAD,,1-Dec-14,1-Dec-14,1071,"Proizvodnja hleba, svezeg peciva i kolaca",108775524,,competition
63732117,Aktivan,NENAD MILICEVIC PREDUZETNIK PEKARSKO UGOSTITELJSKO TRGOVINSKA RADNJA MILICEVIC-N BEOGRAD (RAKOVICA),,21-Jan-15,21-Jan-15,1071,"Proizvodnja hleba, svezeg peciva i kolaca",108829153,,supplier
64063847,Aktivan,NATASA PUSICA PR PROIZVODNJA I PRODAJA PEKARSKIH PROIZVODA COVEKOLJUBLJE BEOGRAD,NATASA PUSICA PR COVEKOLJUBLJE,30-Nov-15,30-Nov-15,1071,"Proizvodnja hleba, svezeg peciva i kolaca",109279496,,competition
64088211,Aktivan,BILJANA STAJIC PR PEKARA IGBI PLUS BEOGRAD,,25-Dec-15,25-Dec-15,1071,"Proizvodnja hleba, svezeg peciva i kolaca",109314909,,competition
64154214,Aktivan,KRISTINA VELICKOVIC PR PEKARSKA RADNJA HRONO PEK BEOGRAD,,9-Mar-16,9-Mar-16,1071,"Proizvodnja hleba, svezeg peciva i kolaca",109411571,,supplier
64288849,Aktivan,SNEZANA TURALO PR PROIZVODNJA HLEBA I PECIVA PEKARA S&N BEOGRAD,,23-Jun-16,23-Jun-16,1071,"Proizvodnja hleba, svezeg peciva i kolaca",109590811,,competition
64343335,Aktivan,MILJAN RAJAK PR ZANATSKA PEKARSKA TRGOVINSKO UGOSTITELJSKA RADNJA SAD KAO NEKAD BEOGRAD,MILJAN RAJAK PR SAD KAO NEKAD,23-Aug-16,23-Aug-16,1071,"Proizvodnja hleba, svezeg peciva i kolaca",109667322,,competition
64359908,Aktivan,"Olivera MiSiC pr Proizvodnja hleba, svezeg peciva i kolaca Beograd-Rakovica",,16-Dec-16,8-Sep-16,1071,"Proizvodnja hleba, svezeg peciva i kolaca",109690154,,supplier
64436678,Aktivan,NADICA STOJANOVIC PR PROIZVODNJA HLEBA I PECIVA PEKARA N & S BEOGRAD,NADICA STOJANOVIC PR PEKARA N & S,23-Nov-16,23-Nov-16,1071,"Proizvodnja hleba, svezeg peciva i kolaca",109798914,,competition
64556495,Aktivan,MILENA MILENKOVIC PR PROIZVODNJA HLEBA svezeg PECIVA I kolaca CINKA BEOGRAD,MILENA MILENKOVIC PR CINKA,3-Apr-17,3-Apr-17,1071,"Proizvodnja hleba, svezeg peciva i kolaca",109975117,,competition
64706713,Aktivan,DRAGAN MIJATOVIC PR PEKARA TOPLI ZALOGAJ BEOGRAD,DRAGAN MIJATOVIC PR TOPLI ZALOGAJ,10-Aug-17,10-Aug-17,1071,"Proizvodnja hleba, svezeg peciva i kolaca",110177984,,supplier
64813781,Aktivan,MILICA PETROVIC PR PEKARA MILPEK BEOGRAD,,6-Dec-17,16-Nov-17,1071,"Proizvodnja hleba, svezeg peciva i kolaca",110329746,,competition
64822101,Aktivan,MILAN STEPANOVIC PR PEKARSKA RADNJA DANKA.S. BEOGRAD,,24-Nov-17,24-Nov-17,1071,"Proizvodnja hleba, svezeg peciva i kolaca",110343227,,competition
65162091,Aktivan,DRAGANA PETROVIC PREDUZETNIK PEKAR TAGS BEOGRAD,,26-Sep-18,26-Sep-18,1071,"Proizvodnja hleba, svezeg peciva i kolaca",111058467,,supplier
65163551,Aktivan,ANA MACAI PREDUZETNIK PROIZVODNJA HLEBA svezeg PECIVA I kolaca PEKARA BEZ ADITIVA 5 BEOGRAD,ANA MACAI PREDUZETNIK PEKARA BEZ ADITIVA 5,27-Sep-18,27-Sep-18,1071,"Proizvodnja hleba, svezeg peciva i kolaca",111061123,,competition
65215837,Aktivan,MARIJANA BERIC PR PROIZVODNJA HLEBA svezeg PECIVA I kolaca PEKARA CIMI BEOGRAD,MARIJANA BERIC PR PEKARA CIMI,6-Nov-18,6-Nov-18,1071,"Proizvodnja hleba, svezeg peciva i kolaca",111137152,,competition
65297736,Aktivan,DUSAN DURBABA PR PEKARA MOJE ZVONCE BEOGRAD,DUSAN DURBABA PR MOJE ZVONCE,5-Feb-19,5-Feb-19,1071,"Proizvodnja hleba, svezeg peciva i kolaca",111269024,,supplier
65315718,Aktivan,KLAUDIJA TOSIC PR PROIZVODNJA PEKARSKIH PROIZVODA PEKARA BANE BEOGRAD,KLAUDIJA TOSIC PR PEKARA BANE,21-Feb-19,21-Feb-19,1071,"Proizvodnja hleba, svezeg peciva i kolaca",111296927,,competition
65353091,Aktivan,DRAGAN RADOJICIC PR PEKARA ALEKSANDAR 2017 BEOGRAD,,26-Mar-19,26-Mar-19,1071,"Proizvodnja hleba, svezeg peciva i kolaca",111353671,,competition
66353001,Aktivan,VELIKA APOTEKA PERIC,,21-Apr-18,22-Apr-18,4773,Trgovina na malo farmaceutskim proizvodima u specijalizovanim prodavnicama – apotekama,5161895625,,supplier
66353002,Aktivan,BENU APOTEKA,,28-Mar-18,29-Mar-18,4773,Trgovina na malo farmaceutskim proizvodima u specijalizovanim prodavnicama – apotekama,5659887455,,competition
66353003,Aktivan,APOTEKA LORA,,29-May-18,30-May-18,4773,Trgovina na malo farmaceutskim proizvodima u specijalizovanim prodavnicama – apotekama,8789821665,,competition
66353004,Aktivan,APOTEKA GALEN PHARM,,30-Jan-18,31-Jan-18,4773,Trgovina na malo farmaceutskim proizvodima u specijalizovanim prodavnicama – apotekama,4784751265,,supplier
66353005,Aktivan,APOTEKA MARKPHARM,,31-Jul-18,1-Aug-18,4773,Trgovina na malo farmaceutskim proizvodima u specijalizovanim prodavnicama – apotekama,52591196,,competition
66353006,Aktivan,APOTEKA AQUAPHARM,,1-Apr-19,2-Apr-19,4773,Trgovina na malo farmaceutskim proizvodima u specijalizovanim prodavnicama – apotekama,231638970,,competition
66353007,Aktivan,APOTEKA GOODWILL,,2-Jul-19,3-Jul-19,4773,Trgovina na malo farmaceutskim proizvodima u specijalizovanim prodavnicama – apotekama,5174525,,supplier
66353008,Aktivan,APOTEKA DZAVIC,,3-Dec-18,4-Dec-18,4773,Trgovina na malo farmaceutskim proizvodima u specijalizovanim prodavnicama – apotekama,51590659,,competition
66353009,Aktivan,APOTEKA BLOK 28,,4-Apr-19,5-Apr-19,4773,Trgovina na malo farmaceutskim proizvodima u specijalizovanim prodavnicama – apotekama,512989841,,competition
66353010,Aktivan,APOTEKA IGNJATOVIC 2,,19-Apr-19,,4773,Trgovina na malo farmaceutskim proizvodima u specijalizovanim prodavnicama – apotekama,95662631,,supplier
66353011,Aktivan,ADVOKAT MomCilo Peric,,6-Apr-19,7-Apr-19,6910,PruZanje pravnih usluga,929812981,,competition
66353012,Aktivan,ADVOKAT - Nadica RadosavljeviC,,9-Feb-18,10-Feb-18,6910,PruZanje pravnih usluga,291722412,,competition
66353013,Aktivan,Advokatska kancelarija Janic,,8-Mar-19,9-Mar-19,6910,PruZanje pravnih usluga,248989498,,supplier
66353013,Aktivan,Advokatska kancelarija A42,,4-Apr-18,5-Apr-18,6910,PruZanje pravnih usluga,956612126,,competition
66353014,Aktivan,ADVOKAT Nenad VasiC,,10-Apr-19,11-Apr-19,6910,PruZanje pravnih usluga,328415461,,competition
66353015,Aktivan,BDK Advokati,,11-Apr-19,12-Apr-19,6910,PruZanje pravnih usluga,6368400599,,supplier
66353016,Aktivan,ADVOKAT Aleksandar MajkiC,,13-Apr-19,14-Apr-19,6910,PruZanje pravnih usluga,3200518165,,competition
66353017,Aktivan,ADVOKAT Goran Z.,,19-Apr-18,20-Apr-18,6910,PruZanje pravnih usluga,594119562,,competition
66353018,Aktivan,ADVOKAT NebojSa PeroviC,,14-Feb-19,15-Feb-19,6910,PruZanje pravnih usluga,8798103689,,supplier
66353019,Aktivan,ADVOKAT kancelarija StojkoviC,,15-Apr-19,16-Apr-19,6910,PruZanje pravnih usluga,961891162,,competition
66353020,Aktivan,ADVOKAT kancelarija SamuiloviC,,17-Jan-19,18-Jan-19,6910,PruZanje pravnih usluga,89191221,,competition
66353021,Aktivan,SZR JOVANOVIC,,18-Jan-18,19-Jan-18,4617,"Posredovanje u prodaji hrane, piCa i duvana",8712501496,,supplier
66353022,Aktivan,SZR PETROVIC,,19-Jan-19,20-Jan-19,4617,"Posredovanje u prodaji hrane, piCa i duvana",3784162950,,competition
66353023,Aktivan,SZR HAPPY DREAM,,21-Jan-14,22-Jan-14,4617,"Posredovanje u prodaji hrane, piCa i duvana",1463257901,,competition
66353024,Aktivan,SZR GORICA,,22-Mar-12,23-Mar-12,4617,"Posredovanje u prodaji hrane, piCa i duvana",2719374569,,supplier
66353025,Aktivan,SZR JOVANCIC I SIN,,22-Jan-19,23-Jan-19,4617,"Posredovanje u prodaji hrane, piCa i duvana",1034769452,,competition
66353026,Aktivan,SZR DIS,,25-Apr-18,26-Apr-19,4617,"Posredovanje u prodaji hrane, piCa i duvana",9478320168,,competition
66353027,Aktivan,SZR TOMIC,,24-Jan-13,25-Jan-13,4617,"Posredovanje u prodaji hrane, piCa i duvana",7432895162,,supplier
66353028,Aktivan,SZR METRO,,5-Jan-10,6-Jan-10,4617,"Posredovanje u prodaji hrane, piCa i duvana",7849516203,,competition
66353029,Aktivan,SZR MILJAN,,26-Jan-19,27-Jan-19,4617,"Posredovanje u prodaji hrane, piCa i duvana",326159487,,competition
66353030,Aktivan,SZR AROMA,,27-May-17,28-May-17,4617,"Posredovanje u prodaji hrane, piCa i duvana",1592634870,,supplier
66353031,Aktivan,PEKARA KOD BAKE,,28-May-17,28-May-17,1071,"Proizvodnja hleba, svezeg peciva i kolaca",,,competition
66353032,Aktivan,PEKARA MILAN,,29-May-17,29-May-17,1071,"Proizvodnja hleba, svezeg peciva i kolaca",,,competition
66353033,Aktivan,PEKARA KROSTI,,30-May-17,30-May-17,1071,"Proizvodnja hleba, svezeg peciva i kolaca",,,supplier
66353034,Aktivan,PEKARA RESKO-PLUS,,31-May-17,31-May-17,1071,"Proizvodnja hleba, svezeg peciva i kolaca",,,competition
66353035,Aktivan,PEKARA PEREC,,1-Jun-17,1-Jun-17,1071,"Proizvodnja hleba, svezeg peciva i kolaca",,,competition
66353036,Aktivan,APOTEKA GOODWILL 15,,2-Jun-17,2-Jun-17,4773,Trgovina na malo farmaceutskim proizvodima u specijalizovanim prodavnicama – apotekama,,,supplier
66353037,Aktivan,APOTEKA HEMCOF,,3-Jun-17,3-Jun-17,4773,Trgovina na malo farmaceutskim proizvodima u specijalizovanim prodavnicama – apotekama,,,competition
66353038,Aktivan,APOTEKA IRISFARM,,4-Jun-17,4-Jun-17,4773,Trgovina na malo farmaceutskim proizvodima u specijalizovanim prodavnicama – apotekama,,,competition
66353039,Aktivan,APOTEKA JANKOVIC,,5-Jun-17,5-Jun-17,4773,Trgovina na malo farmaceutskim proizvodima u specijalizovanim prodavnicama – apotekama,,,supplier
66353040,Aktivan,APOTEKA AVENA,,6-Jun-17,6-Jun-17,4773,Trgovina na malo farmaceutskim proizvodima u specijalizovanim prodavnicama – apotekama,,,competition
66353041,Aktivan,ADVOKATSKA KANCELARIJA TRAVICA,,7-Jun-17,7-Jun-17,6910,PruZanje pravnih usluga,,,competition
66353042,Aktivan,ADVOKATSKA KANCELARIJA DOBROSAVLJEV,,8-Jun-17,8-Jun-17,6910,PruZanje pravnih usluga,,,supplier
66353043,Aktivan,ADVOKATSKA KANCELARIJA BELJANSKI,,9-Jun-17,9-Jun-17,6910,PruZanje pravnih usluga,,,competition
66353044,Aktivan,ADVOKATSKA KANCELARIJA SRDJAN POPOVIC,,10-Jun-17,10-Jun-17,6910,PruZanje pravnih usluga,,,competition
66353045,Aktivan,ADVOKATSKA KANCELARIJA FILIPOVIC,,11-Jun-17,11-Jun-17,6910,PruZanje pravnih usluga,,,supplier
66353046,Aktivan,PRODAVNICA MESOVITE ROBE - DISKONT LJUBAGO doo,,12-Jun-17,12-Jun-17,4617,"Posredovanje u prodaji hrane, piCa i duvana",,,competition
66353047,Aktivan,PRODAVNICA MESOVITE ROBE - UZOR,,13-Jun-17,13-Jun-17,4617,"Posredovanje u prodaji hrane, piCa i duvana",,,competition
66353048,Aktivan,PRODAVNICA MESOVITE ROBE - TRAFIKA D.m.,,14-Jun-17,14-Jun-17,4617,"Posredovanje u prodaji hrane, piCa i duvana",,,supplier
66353049,Aktivan,PRODAVNICA MESOVITE ROBE - DEJA i MAKI,,15-Jun-17,15-Jun-17,4617,"Posredovanje u prodaji hrane, piCa i duvana",,,competition
66353050,Aktivan,PRODAVNICA MESOVITE ROBE - MIKROMARKET,,16-Jun-17,16-Jun-17,4617,"Posredovanje u prodaji hrane, piCa i duvana",,,competition
66353051,Aktivan,PEKARA ANTON,,17-Jun-17,17-Jun-17,1071,"Proizvodnja hleba, svezeg peciva i kolaca",,,supplier
66353052,Aktivan,PEKARA BATA BANE,,18-Jun-17,18-Jun-17,1071,"Proizvodnja hleba, svezeg peciva i kolaca",,,competition
66353053,Aktivan,PEKARA BRANKOVIC,,19-Jun-17,19-Jun-17,1071,"Proizvodnja hleba, svezeg peciva i kolaca",,,competition
66353054,Aktivan,PEKARA BRASKO,,20-Jun-17,20-Jun-17,1071,"Proizvodnja hleba, svezeg peciva i kolaca",,,supplier
66353055,Aktivan,PEKARA GRICKO,,21-Jun-17,21-Jun-17,1071,"Proizvodnja hleba, svezeg peciva i kolaca",,,competition
66353056,Aktivan,APOTEKA BUBANJ,,22-Jun-17,22-Jun-17,4773,Trgovina na malo farmaceutskim proizvodima u specijalizovanim prodavnicama – apotekama,,,competition
66353057,Aktivan,APOTEKA FARKOM TREN,,23-Jun-17,23-Jun-17,4773,Trgovina na malo farmaceutskim proizvodima u specijalizovanim prodavnicama – apotekama,,,supplier
66353058,Aktivan,APOTEKA FARMAMEDIK,,24-Jun-17,24-Jun-17,4773,Trgovina na malo farmaceutskim proizvodima u specijalizovanim prodavnicama – apotekama,,,competition
66353059,Aktivan,APOTEKA GOODWILL,,25-Jun-17,25-Jun-17,4773,Trgovina na malo farmaceutskim proizvodima u specijalizovanim prodavnicama – apotekama,,,competition
66353060,Aktivan,APOTEKA MASLACAK,,26-Jun-17,26-Jun-17,4773,Trgovina na malo farmaceutskim proizvodima u specijalizovanim prodavnicama – apotekama,,,supplier
66353061,Aktivan,ADVOKAT MILENA MLADENOVIC,,27-Jun-17,27-Jun-17,6910,PruZanje pravnih usluga,,,competition
66353062,Aktivan,ADVOKATSKA KANCELARIJA RANDJELOVIC,,28-Jun-17,28-Jun-17,6910,PruZanje pravnih usluga,,,competition
66353063,Aktivan,ADVOKAT STOJANOVIC,,29-Jun-17,29-Jun-17,6910,PruZanje pravnih usluga,,,supplier
66353064,Aktivan,"ADVOKAT V.JANACKOVIC, IVANA RERSIC",,30-Jun-17,30-Jun-17,6910,PruZanje pravnih usluga,,,competition
66353065,Aktivan,ADVOKAT DOMAZET,,1-Jul-17,1-Jul-17,6910,PruZanje pravnih usluga,,,competition
66353066,Aktivan,PRODAVNICA MESOVITE ROBE - MAKI,,2-Jul-17,2-Jul-17,4617,"Posredovanje u prodaji hrane, piCa i duvana",,,supplier
66353067,Aktivan,PRODAVNICA MESOVITE ROBE - NIS SHOP,,3-Jul-17,3-Jul-17,4617,"Posredovanje u prodaji hrane, piCa i duvana",,,competition
66353068,Aktivan,PRODAVNICA MESOVITE ROBE - ROYAL,,4-Jul-17,4-Jul-17,4617,"Posredovanje u prodaji hrane, piCa i duvana",,,competition
66353069,Aktivan,PRODAVNICA MESOVITE ROBE - NIS EKSPORT,,5-Jul-17,5-Jul-17,4617,"Posredovanje u prodaji hrane, piCa i duvana",,,supplier
66353070,Aktivan,PRODAVNICA MESOVITE ROBE - MAKRO MARKET,,6-Jul-17,6-Jul-17,4617,"Posredovanje u prodaji hrane, piCa i duvana",,,competition
66353071,Aktivan,PEKARA BLUE MOON 1,,7-Jul-17,7-Jul-17,1071,"Proizvodnja hleba, svezeg peciva i kolaca",,,competition
66353072,Aktivan,PEKARA BLUE MOON 2,,8-Jul-17,8-Jul-17,1071,"Proizvodnja hleba, svezeg peciva i kolaca",,,supplier
66353073,Aktivan,PEKARA BLUE MOON 3,,9-Jul-17,9-Jul-17,1071,"Proizvodnja hleba, svezeg peciva i kolaca",,,competition
66353074,Aktivan,PEKARA PONS,,10-Jul-17,10-Jul-17,1071,"Proizvodnja hleba, svezeg peciva i kolaca",,,competition
66353075,Aktivan,PEKARA TASA,,11-Jul-17,11-Jul-17,1071,"Proizvodnja hleba, svezeg peciva i kolaca",,,supplier
66353076,Aktivan,APOTEKA ARSIC,,12-Jul-17,12-Jul-17,4773,Trgovina na malo farmaceutskim proizvodima u specijalizovanim prodavnicama – apotekama,,,competition
66353077,Aktivan,APOTEKA BELLADONA,,13-Jul-17,13-Jul-17,4773,Trgovina na malo farmaceutskim proizvodima u specijalizovanim prodavnicama – apotekama,,,competition
66353078,Aktivan,APOTEKA CARINA,,14-Jul-17,14-Jul-17,4773,Trgovina na malo farmaceutskim proizvodima u specijalizovanim prodavnicama – apotekama,,,supplier
66353079,Aktivan,APOTEKA CENTAR,,15-Jul-17,15-Jul-17,4773,Trgovina na malo farmaceutskim proizvodima u specijalizovanim prodavnicama – apotekama,,,competition
66353080,Aktivan,APOTEKA DEMETRA,,16-Jul-17,16-Jul-17,4773,Trgovina na malo farmaceutskim proizvodima u specijalizovanim prodavnicama – apotekama,,,competition
66353081,Aktivan,ADVOKAT DESIMIR DRAGOJLOVIC,,17-Jul-17,17-Jul-17,6910,PruZanje pravnih usluga,,,supplier
66353082,Aktivan,ADVOKAT DESIMIR DJUROVIC,,18-Jul-17,18-Jul-17,6910,PruZanje pravnih usluga,,,competition
66353083,Aktivan,ADVOKAT IVAN ANTONIJEVIC,,19-Jul-17,19-Jul-17,6910,PruZanje pravnih usluga,,,competition
66353084,Aktivan,ADVOKAT MALINA DJOKIC,,20-Jul-17,20-Jul-17,6910,PruZanje pravnih usluga,,,supplier
66353085,Aktivan,ADVOKAT MIHAJLO TODOSIJEVIC,,21-Jul-17,21-Jul-17,6910,PruZanje pravnih usluga,,,competition
66353086,Aktivan,PRODAVNICA MESOVITE ROBE - CRISPY,,22-Jul-17,22-Jul-17,4617,"Posredovanje u prodaji hrane, piCa i duvana",,,competition
66353087,Aktivan,PRODAVNICA MESOVITE ROBE - MERKUR S,,23-Jul-17,23-Jul-17,4617,"Posredovanje u prodaji hrane, piCa i duvana",,,supplier
66353088,Aktivan,PRODAVNICA MESOVITE ROBE - MRVICA,,24-Jul-17,24-Jul-17,4617,"Posredovanje u prodaji hrane, piCa i duvana",,,competition
66353089,Aktivan,PRODAVNICA MESOVITE ROBE - NANA,,25-Jul-17,25-Jul-17,4617,"Posredovanje u prodaji hrane, piCa i duvana",,,competition
66353090,Aktivan,PRODAVNICA MESOVITE ROBE - POLEN,,26-Jul-17,26-Jul-17,4617,"Posredovanje u prodaji hrane, piCa i duvana",,,supplier
