﻿MaticniBroj,Status,PoslovnoIme,SkracenoPoslovnoIme,DatumOsnivanja,DatumRegistracije,SifraPretezneDelatnosti,NazivPretezneDelatnosti,PIB,VelicinePravnogLicaOpis,Relationship
56996281,Aktivan,"SAMOSTALNA ZANATSKO TRGOVINSKO UGOSTITELJSKA RADNJA N-N ILIĆ ŽIVOJIN PREDUZETNIK, BEOGRAD (RAKOVICA)",,29-Dec-05,,1071,"Proizvodnja hleba, svežeg peciva i kolača",104212354,,supplier
53124933,Aktivan,SAMOSTALNA ZANATSKA PEKARSKA RADNJA MIJATOVIĆ NEGOVAN MIJATOVIĆ PREDUZETNIK BEOGRAD (RAKOVICA),,22-May-91,,1071,"Proizvodnja hleba, svežeg peciva i kolača",100172944,,competition
53189814,Aktivan,ZORAN VASILJEVIĆ PR UGOSTITELJSKO TRGOVINSKA RADNJA PEKARA LEONE BEOGRAD,,16-Sep-92,,1071,"Proizvodnja hleba, svežeg peciva i kolača",100175105,,competition
53054366,Aktivan,SAMOSTALNA ZANATSKA PEKARSKA RADNJA LALA ŽAKLINA GAVRILOVSKI PR BEOGRAD (RAKOVICA),,28-Dec-91,,1071,"Proizvodnja hleba, svežeg peciva i kolača",100225788,,competition
60403503,Aktivan,SZTPR GREEN IGOR BUKOVAC PR BEOGRAD (RAKOVICA),,01-Nov-06,23-Oct-06,1071,"Proizvodnja hleba, svežeg peciva i kolača",101993884,,supplier
60443505,Aktivan,SZR KING PEKARA DRAGANA TIJANIĆ PREDUZETNIK BEOGRAD (RAKOVICA),,01-Dec-06,17-Nov-06,1071,"Proizvodnja hleba, svežeg peciva i kolača",104741371,,competition
55324743,Aktivan,BOLE SAMOSTALNA ZANATSKA PEKARSKA RADNJA ČITLUČANIN BOŠKO PR BEOGRAD (RAKOVICA),,14-Dec-01,,1071,"Proizvodnja hleba, svežeg peciva i kolača",101555692,,competition
56977376,Aktivan,SAMOSTALNA ZANATSKA TRGOVAČKA RADNJA LELA DANIJELA ĐUKIĆ PREDUZETNIK  BEOGRAD (RAKOVICA),,24-Oct-05,,1071,"Proizvodnja hleba, svežeg peciva i kolača",104129543,,competition
60542597,Aktivan,SAMOSTALNA ZANATSKA TRGOVINSKO PEKARSKA RADNJA MAGAZA DRAGAN SAMARDŽIJA PR BEOGRAD (RAKOVICA),,01-Mar-07,08-Feb-07,1071,"Proizvodnja hleba, svežeg peciva i kolača",104840595,,competition
54543972,Aktivan,SAMOSTALNA PEKARSKA TRGOVINSKA RADNJA VALENTINO BINAJ BESNIK PR  BEOGRAD (RAKOVICA),,01-Dec-94,,1071,"Proizvodnja hleba, svežeg peciva i kolača",101557497,,competition
56561960,Aktivan,"VELJKO ĐUKIĆ PREDUZETNIK, SAMOSTALNA ZANATSKO TRGOVINSKA RADNJA PEKARA ĐUKIĆ BEOGRAD (RAKOVICA)",,01-Jan-05,,1071,"Proizvodnja hleba, svežeg peciva i kolača",103644058,,supplier
60625611,Aktivan,"SAMOSTALNA PEKARSKA RADNJA MANPEK LJILJANA MANIĆ PREDUZETNIK, BEOGRAD (RAKOVICA)",,10-Apr-07,04-Apr-07,1071,"Proizvodnja hleba, svežeg peciva i kolača",104944094,,competition
61068988,Aktivan,"PEKARA BILJANA BILJANA ARSIĆ PR, BEOGRAD (RAKOVICA)",,01-Mar-08,08-Feb-08,1071,"Proizvodnja hleba, svežeg peciva i kolača",105462114,,competition
62058765,Aktivan,"VANJA SAVIĆ PREDUZETNIK, SAMOSTALNA ZANATSKA PEKARSKO UGOSTITELJSKA TRGOVINSKA RADNJA COSTA AZZURA BEOGRAD (RAKOVICA)",,20-Jun-08,09-Jun-08,1071,"Proizvodnja hleba, svežeg peciva i kolača",105639736,,competition
62028041,Aktivan,SZTR PEKARA SANJA GORDANA VASILJEVIĆ PREDUZETNIK BEOGRAD (RAKOVICA),,16-Aug-08,01-Aug-08,1071,"Proizvodnja hleba, svežeg peciva i kolača",105716324,,competition
61960376,Aktivan,"SAMOSTALNA ZANATSKA PEKARSKA RADNJA GORANAC SADRIDIN DAUTI PR, BEOGRAD (RAKOVICA)",,01-Sep-08,25-Aug-08,1071,"Proizvodnja hleba, svežeg peciva i kolača",105742701,,supplier
61728619,Aktivan,"ALEKSANDRA MITIĆ PREDUZETNIK, SZR PEKARICA-KROFNICA BEOGRAD (RAKOVICA)",,,13-Mar-09,1071,"Proizvodnja hleba, svežeg peciva i kolača",106001997,,competition
61644105,Aktivan,"IVAN SAMARDŽIĆ PREDUZETNIK, PROIZVODNJA KORA AS-PAC, BEOGRAD (RAKOVICA)",,21-May-09,21-May-09,1071,"Proizvodnja hleba, svežeg peciva i kolača",106112095,,competition
61607048,Aktivan,"MILETA JOVANOVIĆ PR, PEKARA KRSTINJA, BEOGRAD (RAKOVICA)",,,26-Jun-09,1071,"Proizvodnja hleba, svežeg peciva i kolača",106181964,,competition
61512365,Aktivan,MILENKO HINIĆ PR TRGOVINSKA ZANATSKA RADNJA VATRENI MLIN BEOGRAD (RAKOVICA),,01-Oct-09,21-Sep-09,1071,"Proizvodnja hleba, svežeg peciva i kolača",106290151,,competition
62645628,Aktivan,"MILOSAVA BABIĆ PR, PEKARSKA RADNJA PITARA ACA BEOGRAD (RAKOVICA)",,24-Oct-11,24-Oct-11,1071,"Proizvodnja hleba, svežeg peciva i kolača",107299707,,supplier
62713917,Aktivan,"LAZAR PERIĆ PR, SAMOSTALNA ZANATSKA PEKARSKA RADNJA LAZA BEOGRAD (RAKOVICA)",,30-Dec-11,30-Dec-11,1071,"Proizvodnja hleba, svežeg peciva i kolača",107395055,,competition
62795042,Aktivan,BOJAN IVKOVIĆ PREDUZETNIK ZANATSKA RADNJA KOLAČIĆI BEOGRAD,,,09-Apr-12,1071,"Proizvodnja hleba, svežeg peciva i kolača",107514098,,competition
62849878,Aktivan,MIRJANA NOVAKOVIĆ PR SAMOSTALNA ZANATSKA PEKARSKA RADNJA DAVID - N BEOGRAD-RAKOVICA,,29-May-12,29-May-12,1071,"Proizvodnja hleba, svežeg peciva i kolača",107589829,,competition
63080462,Aktivan,TIJANA BOJOVIĆ PREDUZETNIK SAMOSTALNA ZANATSKO TRGOVINSKA RADNJA PEKARA BAMBI BEOGRAD-RAKOVICA,,01-Feb-13,01-Feb-13,1071,"Proizvodnja hleba, svežeg peciva i kolača",107913224,,competition
63135712,Aktivan,DRAGAN NIKOLIĆ PREDUZETNIK ZANATSKA RADIONICA ZA PROIZVODNJU KOLAČA VOĆNE KORPICE BEOGRAD,,22-Mar-13,22-Mar-13,1071,"Proizvodnja hleba, svežeg peciva i kolača",107991244,,competition
63168238,Aktivan,DANIJELA ŠARGIĆ PR ZANATSKA TRGOVINSKA RADNJA DENI R BEOGRAD,,19-Apr-13,19-Apr-13,1071,"Proizvodnja hleba, svežeg peciva i kolača",108037771,,competition
63327867,Aktivan,NEBOJŠA MILJEVIĆ PR PEKARSKA RADNJA PEKARA ŠILJA BEOGRAD,,09-Oct-13,09-Oct-13,1071,"Proizvodnja hleba, svežeg peciva i kolača",108256796,,supplier
63658332,Aktivan,Kristina Vojinović PR Pekarsko trgovinska radnja Pekara Vojinović Beograd,,23-Oct-14,23-Oct-14,1071,"Proizvodnja hleba, svežeg peciva i kolača",108727238,,competition
63693634,Aktivan,SVETLANA GLAMOČLIJA PR PEKARA POSLASTIČARNICA PLATAN 2 BEOGRAD,,01-Dec-14,01-Dec-14,1071,"Proizvodnja hleba, svežeg peciva i kolača",108775524,,competition
63732117,Aktivan,NENAD MILIĆEVIĆ PREDUZETNIK PEKARSKO UGOSTITELJSKO TRGOVINSKA RADNJA MILIĆEVIĆ-N BEOGRAD (RAKOVICA),,21-Jan-15,21-Jan-15,1071,"Proizvodnja hleba, svežeg peciva i kolača",108829153,,competition
64063847,Aktivan,NATAŠA PUŠICA PR PROIZVODNJA I PRODAJA PEKARSKIH PROIZVODA ČOVEKOLJUBLJE BEOGRAD,NATAŠA PUŠICA PR ČOVEKOLJUBLJE,30-Nov-15,30-Nov-15,1071,"Proizvodnja hleba, svežeg peciva i kolača",109279496,,competition
64088211,Aktivan,BILJANA STAJIĆ PR PEKARA IGBI PLUS BEOGRAD,,25-Dec-15,25-Dec-15,1071,"Proizvodnja hleba, svežeg peciva i kolača",109314909,,supplier
64154214,Aktivan,KRISTINA VELIČKOVIĆ PR PEKARSKA RADNJA HRONO PEK BEOGRAD,,09-Mar-16,09-Mar-16,1071,"Proizvodnja hleba, svežeg peciva i kolača",109411571,,competition
64288849,Aktivan,SNEŽANA TURALO PR PROIZVODNJA HLEBA I PECIVA PEKARA S&N BEOGRAD,,23-Jun-16,23-Jun-16,1071,"Proizvodnja hleba, svežeg peciva i kolača",109590811,,competition
64343335,Aktivan,MILJAN RAJAK PR ZANATSKA PEKARSKA TRGOVINSKO UGOSTITELJSKA RADNJA SAD KAO NEKAD BEOGRAD,MILJAN RAJAK PR SAD KAO NEKAD,23-Aug-16,23-Aug-16,1071,"Proizvodnja hleba, svežeg peciva i kolača",109667322,,competition
64359908,Aktivan,"Olivera Mišić pr Proizvodnja hleba, svežeg peciva i kolača Beograd-Rakovica",,16-Dec-16,08-Sep-16,1071,"Proizvodnja hleba, svežeg peciva i kolača",109690154,,competition
64436678,Aktivan,NADICA STOJANOVIĆ PR PROIZVODNJA HLEBA I PECIVA PEKARA N & S BEOGRAD,NADICA STOJANOVIĆ PR PEKARA N & S,23-Nov-16,23-Nov-16,1071,"Proizvodnja hleba, svežeg peciva i kolača",109798914,,competition
64556495,Aktivan,MILENA MILENKOVIĆ PR PROIZVODNJA HLEBA SVEŽEG PECIVA I KOLAČA ČINKA BEOGRAD,MILENA MILENKOVIĆ PR ČINKA,03-Apr-17,03-Apr-17,1071,"Proizvodnja hleba, svežeg peciva i kolača",109975117,,supplier
64706713,Aktivan,DRAGAN MIJATOVIĆ PR PEKARA TOPLI ZALOGAJ BEOGRAD,DRAGAN MIJATOVIĆ PR TOPLI ZALOGAJ,10-Aug-17,10-Aug-17,1071,"Proizvodnja hleba, svežeg peciva i kolača",110177984,,competition
64813781,Aktivan,MILICA PETROVIĆ PR PEKARA MILPEK BEOGRAD,,06-Dec-17,16-Nov-17,1071,"Proizvodnja hleba, svežeg peciva i kolača",110329746,,competition
64822101,Aktivan,MILAN STEPANOVIĆ PR PEKARSKA RADNJA DANKA.S. BEOGRAD,,24-Nov-17,24-Nov-17,1071,"Proizvodnja hleba, svežeg peciva i kolača",110343227,,competition
65162091,Aktivan,DRAGANA PETROVIĆ PREDUZETNIK PEKAR TAGS BEOGRAD,,26-Sep-18,26-Sep-18,1071,"Proizvodnja hleba, svežeg peciva i kolača",111058467,,supplier
65163551,Aktivan,ANA MAČAI PREDUZETNIK PROIZVODNJA HLEBA SVEŽEG PECIVA I KOLAČA PEKARA BEZ ADITIVA 5 BEOGRAD,ANA MAČAI PREDUZETNIK PEKARA BEZ ADITIVA 5,27-Sep-18,27-Sep-18,1071,"Proizvodnja hleba, svežeg peciva i kolača",111061123,,competition
65215837,Aktivan,MARIJANA BERIĆ PR PROIZVODNJA HLEBA SVEŽEG PECIVA I KOLAČA PEKARA CIMI BEOGRAD,MARIJANA BERIĆ PR PEKARA CIMI,06-Nov-18,06-Nov-18,1071,"Proizvodnja hleba, svežeg peciva i kolača",111137152,,competition
65297736,Aktivan,DUŠAN DURBABA PR PEKARA MOJE ZVONCE BEOGRAD,DUŠAN DURBABA PR MOJE ZVONCE,05-Feb-19,05-Feb-19,1071,"Proizvodnja hleba, svežeg peciva i kolača",111269024,,supplier
65315718,Aktivan,KLAUDIJA TOŠIĆ PR PROIZVODNJA PEKARSKIH PROIZVODA PEKARA BANE BEOGRAD,KLAUDIJA TOŠIĆ PR PEKARA BANE,21-Feb-19,21-Feb-19,1071,"Proizvodnja hleba, svežeg peciva i kolača",111296927,,competition
65353091,Aktivan,DRAGAN RADOJIČIĆ PR PEKARA ALEKSANDAR 2017 BEOGRAD,,26-Mar-19,26-Mar-19,1071,"Proizvodnja hleba, svežeg peciva i kolača",111353671,,competition
