MaticniBroj,TipAdreseOpis,Ulica,KucniBroj,PAK,Mesto,Opstina,Okrug,DodatniPodaci,Sprat,Stan,Slovo,PostanskiBroj,NazivPoste
55324743,Adresa za dostavu poste,Vidikovacki venac,85,,Beograd (Rakovica),Beograd-Rakovica,Grad Beograd,,,6,,11090,Beograd
64813781,Adresa za dostavu poste,Bele Vode,59,,Beograd (Cukarica),Beograd-Cukarica,Grad Beograd,,,,,11147,Beograd
65162091,Adresa za dostavu poste,Miska Kranjca,32/1,,Beograd (Rakovica),Beograd-Rakovica,Grad Beograd,,,,,11090,Beograd
64822101,Adresa za dostavu poste,Vukosave Oljaca,24,,Beograd (Vozdovac),Beograd-Vozdovac,Grad Beograd,,,,,11222,Jajinci
65297736,Adresa za dostavu poste,Pere Velimirovica,20,,Beograd (Rakovica),Beograd-Rakovica,Grad Beograd,,XII,71,,11090,Beograd 75
60625611,Sediste,Palih Boraca,26A,,Beograd (Rakovica),Beograd-Rakovica,Grad Beograd,,,,,11090,
64088211,Sediste,Pasinac,20,,Beograd (Rakovica),Beograd-Rakovica,Grad Beograd,,,,,11231,Resnik
62028041,Sediste,Oplenacka,44 a,,Beograd (Rakovica),Beograd-Rakovica,Grad Beograd,,,,,11090,
63168238,Sediste,Podavalska,23,,Beograd (Rakovica),Beograd-Rakovica,Grad Beograd,,,,,11090,
64436678,Sediste,Mile Dimic,5,,Beograd (Rakovica),Beograd-Rakovica,Grad Beograd,,,,,11090,
64343335,Sediste,Patrijarha Joanikija,28,,Beograd (Rakovica),Beograd-Rakovica,Grad Beograd,,,,,11090,
65162091,Sediste,Mile Dimic,5,,Beograd (Rakovica),Beograd-Rakovica,Grad Beograd,,,,,11090,Beograd
62713917,Sediste,Oplenacka,47/6,,Beograd (Rakovica),Beograd-Rakovica,Grad Beograd,,,,,11090,
63732117,Sediste,Oplenacka,47/4,,Beograd (Rakovica),Beograd-Rakovica,Grad Beograd,,,,,11090,
56977376,Sediste,Vidikovacki venac,92,,Beograd (Rakovica),Beograd-Rakovica,Grad Beograd,,,,,11090,
64556495,Sediste,Miska Kranjca,15,,Beograd (Rakovica),Beograd-Rakovica,Grad Beograd,,,,,11090,
62795042,Sediste,Pilota Mihaila Petrovica,53V,,Beograd (Rakovica),Beograd-Rakovica,Grad Beograd,,,,,11090,
62058765,Sediste,Borska,45 b,,Beograd (Rakovica),Beograd-Rakovica,Grad Beograd,,,,,11090,
61728619,Sediste,Pilota Ratka Jovanovica,2,,Beograd (Rakovica),Beograd-Rakovica,Grad Beograd,,,,,11090,
54543972,Sediste,LJubomira Ivkovica suce,29,,Beograd (Rakovica),Beograd-Rakovica,Grad Beograd,,,,,11090,
63080462,Sediste,Miska Kranjca,15 g,,Beograd (Rakovica),Beograd-Rakovica,Grad Beograd,,,,,11090,
53054366,Sediste,Pere Velimirovica,8,,Beograd (Rakovica),Beograd-Rakovica,Grad Beograd,,,,,11090,
64822101,Sediste,Mile Dimic,5,,Beograd (Rakovica),Beograd-Rakovica,Grad Beograd,,,,,11090,
53189814,Sediste,Delovi,4a,,Beograd (Rakovica),Beograd-Rakovica,Grad Beograd,,,,,11090,
63658332,Sediste,Jedanaeste Krajiske Divizije,74,,Beograd (Rakovica),Beograd-Rakovica,Grad Beograd,,,,,11090,Rakovica
56996281,Sediste,Oplenacka,42a,,Beograd (Rakovica),Beograd-Rakovica,Grad Beograd,,,,,11090,
53124933,Sediste,Patrijarha Joanikija,31,,Beograd (Rakovica),Beograd-Rakovica,Grad Beograd,,,,,11090,
65353091,Sediste,Gocka,20 E,,Beograd (Rakovica),Beograd-Rakovica,Grad Beograd,,,,,11090,Beograd
63135712,Sediste,Sedamnaestog Oktobra,39,,Beograd (Rakovica),Beograd-Rakovica,Grad Beograd,,3,14,,11090,Beograd 109
55324743,Sediste,Vidikovacki venac,106 b,,Beograd (Rakovica),Beograd-Rakovica,Grad Beograd,,,,,11090,Beograd
65215837,Sediste,Gocka,20 e,,Beograd (Rakovica),Beograd-Rakovica,Grad Beograd,,,,,11090,Rakovica
64359908,Sediste,Patrijarha Dimitrija,12,,Beograd (Rakovica),Beograd-Rakovica,Grad Beograd,,,,,11090,Beograd 75
63327867,Sediste,Brdjanska,40,,Beograd (Rakovica),Beograd-Rakovica,Grad Beograd,,,,,11090,
61068988,Sediste,Srpskih Udarnih Brigada,6,,Beograd (Rakovica),Beograd-Rakovica,Grad Beograd,,,,,11090,Beograd-Rakovica
61607048,Sediste,Osmog Septembra,15a,,Beograd (Rakovica),Beograd-Rakovica,Grad Beograd,,,,,11231,Resnik
56561960,Sediste,Vukasoviceva VI deo,bb,,Beograd (Rakovica),Beograd-Rakovica,Grad Beograd,,,,,11090,
64288849,Sediste,Jedanaeste Krajiske Divizije,35,,Beograd (Rakovica),Beograd-Rakovica,Grad Beograd,,,9,,11000,Beograd
64706713,Sediste,Pilota Mihaila Petrovica,53 V,,Beograd (Rakovica),Beograd-Rakovica,Grad Beograd,,,,,11090,Rakovica
65297736,Sediste,Ivana Micurina,23A,,Beograd (Rakovica),Beograd-Rakovica,Grad Beograd,,pr,,,11090,Beograd 75
60403503,Sediste,Vidikovacki venac,92u,,Beograd (Rakovica),Beograd-Rakovica,Grad Beograd,,,,,11090,
64063847,Sediste,Slavka Miljkovica,118,,Beograd (Rakovica),Beograd-Rakovica,Grad Beograd,,,,,11090,Rakovica
64154214,Sediste,Trinaestog Oktobra,12,,Beograd (Rakovica),Beograd-Rakovica,Grad Beograd,,,,,11090,Beograd
62645628,Sediste,Patrijarha Dimitrija,63,,Beograd (Rakovica),Beograd-Rakovica,Grad Beograd,,,,,11090,
61512365,Sediste,Prvoboraca,30V,,Beograd (Rakovica),Beograd-Rakovica,Grad Beograd,,,,,11090,
62849878,Sediste,Starca Milije,1,,Beograd (Rakovica),Beograd-Rakovica,Grad Beograd,,,,,11090,Rakovica
65163551,Sediste,Edvarda Griga,7:00 AM,,Beograd (Rakovica),Beograd-Rakovica,Grad Beograd,,,,,11231,Resnik
63693634,Sediste,Miska Kranjca,10,,Beograd (Rakovica),Beograd-Rakovica,Grad Beograd,,,,,11090,Beograd-Rakovica
61960376,Sediste,Borska,43-v,,Beograd (Rakovica),Beograd-Rakovica,Grad Beograd,,,,,11090,
60443505,Sediste,Hasanaginice,4,,Beograd (Rakovica),Beograd-Rakovica,Grad Beograd,,,,,11090,
65315718,Sediste,Pilota Mihaila Petrovica,9,,Beograd (Rakovica),Beograd-Rakovica,Grad Beograd,,,,,11000,Beograd
60542597,Sediste,Omladinsko setaliste,3V,,Beograd (Rakovica),Beograd-Rakovica,Grad Beograd,,,,,11090,Rakovica
64813781,Sediste,Vidikovacki Venac,92,,Beograd (Rakovica),Beograd-Rakovica,Grad Beograd,,,,,11090,
61644105,Sediste,Oslobodjenja,20,,Beograd (Rakovica),Beograd-Rakovica,Grad Beograd,,3,,,11090,
66353001,Sediste,Bulevar Mihajla Pupina,181,,Beograd (Novi BG),Beograd-Novi BG,Grad Beograd,,,,,11070,Novi Beograd
66353002,Sediste,Bulevar Mihajla Pupina,10b,,Beograd (Novi BG),Beograd-Novi BG,Grad Beograd,,,,,11070,Novi Beograd
66353003,Sediste,Antifasisticke borbe,21g,,Beograd (Novi BG),Beograd-Novi BG,Grad Beograd,,,,,11070,Novi Beograd
66353004,Sediste,Bulevar Zorana djindjica,45,,Beograd (Novi BG),Beograd-Novi BG,Grad Beograd,,,,,11070,Novi Beograd
66353005,Sediste,Gandijeva ,149,,Beograd (Novi BG),Beograd-Novi BG,Grad Beograd,,,,,11070,Novi Beograd
66353006,Sediste,Ismeta Mujezinovica,23d,,Beograd (Novi BG),Beograd-Novi BG,Grad Beograd,,,,,11070,Novi Beograd
66353007,Sediste,Nehruova,51a,,Beograd (Novi BG),Beograd-Novi BG,Grad Beograd,,,,,11070,Novi Beograd
66353008,Sediste,djordja Stanojevica,11b,,Beograd (Novi BG),Beograd-Novi BG,Grad Beograd,,,,,11070,Novi Beograd
66353009,Sediste,Bulevar Milutina Milankovica,122,,Beograd (Novi BG),Beograd-Novi BG,Grad Beograd,,,,,11070,Novi Beograd
66353010,Sediste,Pariske kumune ,67,,Beograd (Novi BG),Beograd-Novi BG,Grad Beograd,,,,,11070,Novi Beograd
66353011,Sediste,Bulevar Oslobodjenja,3,,Beograd (Vracar),Beograd-Vracar,Grad Beograd,,,,,11000,Vracar
66353012,Sediste,Trnska,7,,Beograd (Vracar),Beograd-Vracar,Grad Beograd,,,,,11000,Vracar
66353013,Sediste,Resavska,,,Beograd (Vracar),Beograd-Vracar,Grad Beograd,,,,,11000,Vracar
66353013,Sediste,Kralja Milutina ,12,,Beograd (Vracar),Beograd-Vracar,Grad Beograd,,,,,11000,Vracar
66353014,Sediste,Brace Nedic,1,,Beograd (Vracar),Beograd-Vracar,Grad Beograd,,,,,11000,Vracar
66353015,Sediste,Bulevar kralja Aleksandra,28,,Beograd (Vracar),Beograd-Vracar,Grad Beograd,,,,,11000,Vracar
66353016,Sediste,Svetozara Markovica,65,,Beograd (Vracar),Beograd-Vracar,Grad Beograd,,,,,11000,Vracar
66353017,Sediste,Njegoseva,54,,Beograd (Vracar),Beograd-Vracar,Grad Beograd,,,,,11000,Vracar
66353018,Sediste,Svetozara Markovica,9,,Beograd (Vracar),Beograd-Vracar,Grad Beograd,,,,,11000,Vracar
66353019,Sediste,Njegoseva,28,,Beograd (Vracar),Beograd-Vracar,Grad Beograd,,,,,11000,Vracar
66353020,Sediste,Koce Kapetana,15,,Beograd (Vracar),Beograd-Vracar,Grad Beograd,,,,,11000,Vracar
66353021,Sediste,Vojvode Stepe,41,,Beograd (Vozdovac),Beograd (Vozdovac),Grad Beograd,,,,,11010,Vozdovac
66353022,Sediste,Zaplanjska,20,,Beograd (Vozdovac),Beograd (Vozdovac),Grad Beograd,,,,,11010,Vozdovac
66353023,Sediste,Pavla Popovica,8,,Beograd (Vozdovac),Beograd (Vozdovac),Grad Beograd,,,,,11010,Vozdovac
66353024,Sediste,Beranska,12,,Beograd (Vozdovac),Beograd (Vozdovac),Grad Beograd,,,,,11010,Vozdovac
66353025,Sediste,Treca nova,5,,Beograd (Vozdovac),Beograd (Vozdovac),Grad Beograd,,,,,11010,Vozdovac
66353026,Sediste,Plitvicka,15,,Beograd (Vozdovac),Beograd (Vozdovac),Grad Beograd,,,,,11010,Vozdovac
66353027,Sediste,Paunova,45,,Beograd (Vozdovac),Beograd (Vozdovac),Grad Beograd,,,,,11010,Vozdovac
66353028,Sediste,Potocka,3,,Beograd (Vozdovac),Beograd (Vozdovac),Grad Beograd,,,,,11010,Vozdovac
66353029,Sediste,Brace Srnic,7,,Beograd (Vozdovac),Beograd (Vozdovac),Grad Beograd,,,,,11010,Vozdovac
66353030,Sediste,Ustanicka,70,,Beograd (Vozdovac),Beograd (Vozdovac),Grad Beograd,,,,,11010,Vozdovac
66353031,Sediste,Radnicka,21,,Novi Sad (Novi Sad),Novi Sad (Novi sad),Grad Novi Sad,,,,,21000,Novi Sad
66353032,Sediste,Miroslava Prodanovica Micka,8,,Novi Sad (Novi Sad),Novi Sad (Novi sad),Grad Novi Sad,,,,,21000,Novi Sad
66353033,Sediste,Milenka Grcica,6,,Novi Sad (Novi Sad),Novi Sad (Novi sad),Grad Novi Sad,,,,,21000,Novi Sad
66353034,Sediste,Hadzi Ruvimova,61,,Novi Sad (Novi Sad),Novi Sad (Novi sad),Grad Novi Sad,,,,,21000,Novi Sad
66353035,Sediste,Laze Teleckog,9,,Novi Sad (Novi Sad),Novi Sad (Novi sad),Grad Novi Sad,,,,,21000,Novi Sad
66353036,Sediste,Cara Lazara,21,,Novi Sad (Futog),Novi Sad (Futog),Grad Novi Sad,,,,,21410,Novi Sad
66353037,Sediste,Carice Milice,47,,Novi Sad (Futog),Novi Sad (Futog),Grad Novi Sad,,,,,21410,Novi Sad
66353038,Sediste,Cara Lazara,7,,Novi Sad (Futog),Novi Sad (Futog),Grad Novi Sad,,,,,21410,Novi Sad
66353039,Sediste,Slavka Rodica,3,,Novi Sad (Futog),Novi Sad (Futog),Grad Novi Sad,,,,,21410,Novi Sad
66353040,Sediste,Cara Lazara,199,,Novi Sad (Futog),Novi Sad (Futog),Grad Novi Sad,,,,,21410,Novi Sad
66353041,Sediste,Maksima Gorkog,53,,Novi Sad (Petrovaradin),Novi Sad (Petrovaradin),Grad Novi Sad,,,,,21131,Novi Sad
66353042,Sediste,Vojvode Misica,17,,Novi Sad (Petrovaradin),Novi Sad (Petrovaradin),Grad Novi Sad,,,,,21131,Novi Sad
66353043,Sediste,Miroslava Antica,7,,Novi Sad (Petrovaradin),Novi Sad (Petrovaradin),Grad Novi Sad,,,,,21131,Novi Sad
66353044,Sediste,Bulevar oslobodjenja,109,,Novi Sad (Petrovaradin),Novi Sad (Petrovaradin),Grad Novi Sad,,,,,21131,Novi Sad
66353045,Sediste,Dimitrija Tucovica,8,,Novi Sad (Petrovaradin),Novi Sad (Petrovaradin),Grad Novi Sad,,,,,21131,Novi Sad
66353046,Sediste,Radnicka,24,,Novi Sad (Novi Sad),Novi Sad (Novi Sad),Grad Novi Sad,,,,,21000,Novi Sad
66353047,Sediste,Zmaj Jovina,2,,Novi Sad (Novi Sad),Novi Sad (Novi Sad),Grad Novi Sad,,,,,21000,Novi Sad
66353048,Sediste,Fejes Klare,48,,Novi Sad (Novi Sad),Novi Sad (Novi Sad),Grad Novi Sad,,,,,21000,Novi Sad
66353049,Sediste,Dragoslava Sredojevica,1,,Novi Sad (Novi Sad),Novi Sad (Novi Sad),Grad Novi Sad,,,,,21000,Novi Sad
66353050,Sediste,sekspirova,3,,Novi Sad (Novi Sad),Novi Sad (Novi Sad),Grad Novi Sad,,,,,21000,Novi Sad
66353051,Sediste,Jovana Skerlica ,15,,Nis(Medijana),Nis(Medijana),Nis,,,,,18106,Nis
66353052,Sediste,Jovana Ristica,1,,Nis(Medijana),Nis(Medijana),Nis,,,,,18106,Nis
66353053,Sediste,Rajiceva,30,,Nis(Medijana),Nis(Medijana),Nis,,,,,18106,Nis
66353054,Sediste,Trg Pavla Stojkovica,17,,Nis(Medijana),Nis(Medijana),Nis,,,,,18106,Nis
66353055,Sediste,Trg Svetog Save ,5,,Nis(Medijana),Nis(Medijana),Nis,,,,,18106,Nis
66353056,Sediste,Salvadora Aljendea ,5,,Nis(Palilula),Nis(Palilula),Nis,,,,,18363,Nis
66353057,Sediste,Marina Drzica ,5,,Nis(Palilula),Nis(Palilula),Nis,,,,,18363,Nis
66353058,Sediste,Dimitrija Tucovica ,61,,Nis(Palilula),Nis(Palilula),Nis,,,,,18363,Nis
66353059,Sediste,Dimitrija Tucovica,10,,Nis(Palilula),Nis(Palilula),Nis,,,,,18363,Nis
66353060,Sediste,Jovana Babunskog,38,,Nis(Palilula),Nis(Palilula),Nis,,,,,18363,Nis
66353061,Sediste,Kralja Stefana Prvovencanog,3,,Nis(Crveni krst),Nis(Crveni krst),Nis,,,,,18203,Nis
66353062,Sediste,Kej Mike Paligorica,3,,Nis(Crveni krst),Nis(Crveni krst),Nis,,,,,18203,Nis
66353063,Sediste,Vozda Karadjordja,7,,Nis(Crveni krst),Nis(Crveni krst),Nis,,,,,18203,Nis
66353064,Sediste,Obrenoviceva,2,,Nis(Crveni krst),Nis(Crveni krst),Nis,,,,,18203,Nis
66353065,Sediste,Sindjelicev Trg,14,,Nis(Crveni krst),Nis(Crveni krst),Nis,,,,,18203,Nis
66353066,Sediste,cegarska,1,,Nis (Niska Banja),Nis (Niska Banja),Nis,,,,,18205,Nis
66353067,Sediste,cegarska,15,,Nis (Niska Banja),Nis (Niska Banja),Nis,,,,,18205,Nis
66353068,Sediste,Ruzveltova,12,,Nis (Niska Banja),Nis (Niska Banja),Nis,,,,,18205,Nis
66353069,Sediste,skolske cesme,5,,Nis (Niska Banja),Nis (Niska Banja),Nis,,,,,18205,Nis
66353070,Sediste,Mojsija Mihajlovica Tosketa ,1,,Nis (Niska Banja),Nis (Niska Banja),Nis,,,,,18205,Nis
66353071,Sediste,Kralja Petra I,5,,Uzice (Uzice),Uzice (Uzice),Uzice,,,,,31000,Uzice
66353072,Sediste,Nikole Pasica,30,,Uzice (Uzice),Uzice (Uzice),Uzice,,,,,31000,Uzice
66353073,Sediste,Marije Mage Magazinovic,42,,Uzice (Uzice),Uzice (Uzice),Uzice,,,,,31000,Uzice
66353074,Sediste,Kralja Petra I,10,,Uzice (Uzice),Uzice (Uzice),Uzice,,,,,31000,Uzice
66353075,Sediste,Momcila Tesica,3,,Uzice (Uzice),Uzice (Uzice),Uzice,,,,,31000,Uzice
66353076,Sediste,Kosovska,5,,Uzice (Uzice),Uzice (Uzice),Uzice,,,,,31000,Uzice
66353077,Sediste,Nemanjina,68,,Uzice (Uzice),Uzice (Uzice),Uzice,,,,,31000,Uzice
66353078,Sediste,Dimitrija Tucovica,58,,Uzice (Uzice),Uzice (Uzice),Uzice,,,,,31000,Uzice
66353079,Sediste,Nemanjina,81,,Uzice (Uzice),Uzice (Uzice),Uzice,,,,,31000,Uzice
66353080,Sediste,Nade Matic,7,,Uzice (Uzice),Uzice (Uzice),Uzice,,,,,31000,Uzice
66353081,Sediste,Dimitrija Tucovica,83,,Uzice (Uzice),Uzice (Uzice),Uzice,,,,,31000,Uzice
66353082,Sediste,Nikole Pasica,32,,Uzice (Uzice),Uzice (Uzice),Uzice,,,,,31000,Uzice
66353083,Sediste,Decanska,9,,Uzice (Uzice),Uzice (Uzice),Uzice,,,,,31000,Uzice
66353084,Sediste,Momcila Tesica,4,,Uzice (Uzice),Uzice (Uzice),Uzice,,,,,31000,Uzice
66353085,Sediste,Uzicke Republike,14,,Uzice (Uzice),Uzice (Uzice),Uzice,,,,,31000,Uzice
66353086,Sediste,Mihajla Pupina,1,,Uzice (Uzice),Uzice (Uzice),Uzice,,,,,31000,Uzice
66353087,Sediste,Nikole Pasica,32,,Uzice (Uzice),Uzice (Uzice),Uzice,,,,,31000,Uzice
66353088,Sediste,Lipa,5,,Uzice (Uzice),Uzice (Uzice),Uzice,,,,,31000,Uzice
66353089,Sediste,Riste Tesica,70,,Uzice (Uzice),Uzice (Uzice),Uzice,,,,,31000,Uzice
,,,,,,,,,,,,31000,Uzice
