﻿MaticniBroj,EMailAdresaZaPrijemElektronskePoste
56996281,
53124933,
53189814,
53054366,
60403503,
60443505,
55324743,
56977376,
60542597,
54543972,
56561960,
60625611,
61068988,
62058765,vanjamarijas@gmail.com
62028041,
61960376,
61728619,
61644105,
61607048,
61512365,
62645628,
62713917,
62795042,
62849878,
63080462,
63135712,vocnekorpice@gmail.com
63168238,
63327867,
63658332,
63693634,glamocecilia@yahoo.it
63732117,
64063847,
64088211,
64154214,
64288849,
64343335,
64359908,olivera.misic62@gmail.com
64436678,
64556495,ljiljana.
64706713,
64813781,
64822101,michajajinci61@gmail.com
65162091,gagapetrovic1975@gmail.com
65163551,varangelov@yahoo.com
65215837,marijanaberic@gmail.com
65297736,durimima@gmail.com
65315718,pekara.bane@gmail.com
65353091,radojicicdragan23@gmail.com
