MaticniBroj,RedniBroj,Ulica,KucniBroj,PostanskiBroj,Mesto,Opstina,Okrug,DodatniPodaciAdrese,Sprat,Stan,Slovo,PAK,NazivPoste,DodatniPodaciIzdvojeneLokacije,RegistarskiBrojTablica,SifraDelatnosti,OpisDelatnost
53189814,1,Milivoja Petrovica,6,11090,Beograd (Rakovica),Beograd-Rakovica,Grad Beograd,,,,,,Beograd,,,4724,"Trgovina na malo hlebom, testeninom, kolacima i sl"
53189814,2,13. oktobra,82,11090,Beograd (Rakovica),Beograd-Rakovica,Grad Beograd,,,,,,Beograd,,,1071,"Proizvodnja hleba, svezeg peciva i kolaca"
53189814,3,Slavka Miljkovica,51,11090,Beograd (Rakovica),Beograd-Rakovica,Grad Beograd,,,,,,Beograd,,,1071,"Proizvodnja hleba, svezeg peciva i kolaca"
60403503,1,Vidikovacki venac,14-l,11090,Beograd (Rakovica),Beograd-Rakovica,Grad Beograd,,,,,,Beograd,,,1071,"Proizvodnja hleba, svezeg peciva i kolaca"
53189814,4,Aleksandra Vojinovica,67,11090,Beograd (Rakovica),Beograd-Rakovica,Grad Beograd,,,,,,Beograd,,,1071,"Proizvodnja hleba, svezeg peciva i kolaca"
53189814,5,Borova,8,11030,Beograd (Cukarica),Beograd-Cukarica,Grad Beograd,,,,,,Beograd,,,1071,"Proizvodnja hleba, svezeg peciva i kolaca"
62645628,1,Vojvode Stepe,57,,Beograd (Vozdovac),Beograd-Vozdovac,Grad Beograd,,,,,,Beograd,,,1071,"Proizvodnja hleba, svezeg peciva i kolaca"
62713917,1,Krunska,80,,Beograd (Vracar),Beograd-Vracar,Grad Beograd,,,,,,Beograd,,,4711,Trgovina na malo u nespecijalizovanim prodavnicama
53189814,6,crveno Barjace,6,11030,Beograd (Cukarica),Beograd-Cukarica,Grad Beograd,,,,,,Beograd,osnovna skola,,1071,"Proizvodnja hleba, svezeg peciva i kolaca"
56561960,1,Vukasoviceva VI deo,bb,11090,Beograd (Rakovica),Beograd-Rakovica,Grad Beograd,,,,,,Beograd,,,4633,"Trgovina na veliko mlecnim proizvodima, jajima i j"
60403503,2,Ratka Mitrovica,181V,11030,Beograd (Cukarica),Beograd-Cukarica,Grad Beograd,,,,,,Beograd,,,5610,Delatnosti restorana i pokretnih ugostiteljskih ob
63168238,1,Ilije djuricica,2G,11030,Beograd (Cukarica),Beograd-Cukarica,Grad Beograd,,,,,,Beograd,,,1071,"Proizvodnja hleba, svezeg peciva i kolaca"
63168238,3,Maricka,53,11090,Beograd (Rakovica),Beograd-Rakovica,Grad Beograd,,,,,,Beograd,,,1071,"Proizvodnja hleba, svezeg peciva i kolaca"
63168238,2,Kanarevo brdo,4,11090,Beograd (Rakovica),Beograd-Rakovica,Grad Beograd,,,,,,Beograd,,,1071,"Proizvodnja hleba, svezeg peciva i kolaca"
53189814,7,crveno Barjace,6,11030,Beograd (Cukarica),Beograd-Cukarica,Grad Beograd,,,,,,Beograd,,,4711,Trgovina na malo u nespecijalizovanim prodavnicama
56561960,2,Pere Velimirovica,17,11090,Beograd (Rakovica),Beograd-Rakovica,Grad Beograd,,,,,,Beograd,lokal br. 11,,4711,Trgovina na malo u nespecijalizovanim prodavnicama
53189814,8,Mihaila Avramovica,28,11000,Beograd (Savski Venac),Beograd-Savski Venac,Grad Beograd,,,,,,Beograd,,,4711,Trgovina na malo u nespecijalizovanim prodavnicama
64288849,1,Mile Dimic,5,11090,Beograd (Rakovica),Beograd-Rakovica,Grad Beograd,,,,,,Beograd,,,1071,"Proizvodnja hleba, svezeg peciva i kolaca"
64343335,1,Patrijarha Joanikija,28,11090,Beograd (Rakovica),Beograd-Rakovica,Grad Beograd,,,,,,Beograd,,,5610,Delatnosti restorana i pokretnih ugostiteljskih ob
60443505,1,Ratka Mitrovica,121,11030,Beograd (Cukarica),Beograd-Cukarica,Grad Beograd,,,,,,Beograd,,,1071,"Proizvodnja hleba, svezeg peciva i kolaca"
60542597,1,Mrakovicka,38,11090,Beograd (Rakovica),Beograd-Rakovica,Grad Beograd,,1,,,,Beograd,,,1071,"Proizvodnja hleba, svezeg peciva i kolaca"
53189814,9,Jovana Jovanovica Zmaja,1,11306,Grocka,Beograd-Grocka,Grad Beograd,,,,,,Beograd,,,4711,Trgovina na malo u nespecijalizovanim prodavnicama
63732117,1,Milana Mijalkovica,11,11030,Beograd (Cukarica),Beograd-Cukarica,Grad Beograd,,,,,,Beograd,,,1071,"Proizvodnja hleba, svezeg peciva i kolaca"
65163551,1,Trinaestog Septembra,16,11194,Rusanj,Beograd-Cukarica,Grad Beograd,,,,,,Beograd,,,4711,Trgovina na malo u nespecijalizovanim prodavnicama
63732117,2,Vidikovacki Venac,92,11090,Beograd (Rakovica),Beograd-Rakovica,Grad Beograd,,,,,,Beograd,Lokal br.19,,1071,"Proizvodnja hleba, svezeg peciva i kolaca"
65215837,1,Milorada Draskovica,32,11090,Beograd (Rakovica),Beograd-Rakovica,Grad Beograd,,,,,,Beograd,,,1071,"Proizvodnja hleba, svezeg peciva i kolaca"
56996281,1,Milutina Milankovica,132 A,11070,Beograd (Novi Beograd),Beograd-Novi Beograd,Grad Beograd,,,,,,,,,5610,Delatnosti restorana i pokretnih ugostiteljskih ob
,,,,,,,,,,,,,,,,,
